Close/Last,Date,High,Low,Open,Volume,id
555.61,2024-12-13,558.16,554.2044,557.51,4666863,ec0dd639-2014-405c-b582-946d50290bdb
555.65,2024-12-12,558.2,555.62,557.67,4048602,f4611046-ad5e-4125-a811-24222ca70a55
558.53,2024-12-11,559.39,556.66,556.92,3514417,84f43510-6790-41fb-b4f8-3dc9b377478a
554.33,2024-12-10,556.88,553.57,556.58,4110113,e441b5e5-d7ea-4f7f-99c2-3619c07003da
555.91,2024-12-09,558.865,555.38,558.71,4412276,f5922973-95c0-4f27-ad44-e5e5f44cf492
558.82,2024-12-06,559.96,558.08,558.47,5134880,e13b80fb-7edc-4166-82c1-aa3fcd68222b
557.71,2024-12-05,559.41,557.46,558.63,3021561,bcf4ae5b-274c-4593-9f64-755620c29bb4
558.64,2024-12-04,558.88,556.171,556.83,5490321,f8223ff7-29c8-4024-b287-ae10b0f1d2b4
555.14,2024-12-03,555.4301,553.79,554.8,4202906,6c680f2f-589c-4c42-867a-5e77b3e4ff25
555.01,2024-12-02,555.57,553.89,554.36,5441011,15af7fea-a0d9-4489-a864-47a7c4ee7b37
553.45,2024-11-29,554.7,551.07,551.29,3988727,88fc5b6c-1995-441e-a032-dbb72a7d64d6
550.55,2024-11-27,552.38,549.11,552.04,3312219,e62626d0-5d4e-4073-8d1d-5da210802f0d
552.31,2024-11-26,552.8199,549.85,550.5,4438574,e37f626b-4d88-4bd9-872b-ee8e2d6c4dd0
549.23,2024-11-25,552.38,547.1999,551.2,4305001,d412b3f3-3171-4d92-aa1c-82701ba0ed53
547.47,2024-11-22,548.0496,545.37,545.82,5574588,da814355-a1cf-4d1a-9d27-5b6c8856d532
545.64,2024-11-21,547.07,540.04,545.58,4530619,afd1d41f-83ca-4e80-acf8-0006bae902af
542.9,2024-11-20,543.07,537.44,542.78,3949060,9a3f86c7-3cb8-4ec9-85dd-813d94652b98
542.7,2024-11-19,543.37,536.9,537.5,6978373,3633190c-37e8-4301-b6ff-28d5aaa1508e
540.73,2024-11-18,541.93,538.145,538.92,4504246,f569ec6e-bfc8-4078-a6c3-4a9fd2ab3f8f
538.5,2024-11-15,542.57,536.75,542.13,7360114,b024bc42-168f-4f57-acef-8d13277b74dd
545.54,2024-11-14,549.57,544.88,549.1,3940282,b376d0db-e680-4b4a-9d0f-eb19c0543948
549.03,2024-11-13,550.88,546.97,549.16,3701570,08d003d6-dca8-43ad-bfb7-7a3eb04a199b
548.75,2024-11-12,550.94,546.43,550.39,4818613,e8d3ff7f-ce4c-4fc9-a371-3a56f3492a08
550.4,2024-11-11,551.73,548.85,551.43,4893129,db341ae2-ade1-48e3-800c-fae7869edc7c
549.95,2024-11-08,551.24,548.06,548.07,6797976,0031cb75-4fa1-4ccd-8cb4-59ae66ddd42f
547.53,2024-11-07,548.475,545.15,545.22,6051276,2500331b-a5c1-4c46-81a7-518088081ea4
543.3,2024-11-06,544.14,538.17,541.65,7483337,1f23b1de-fb38-4174-9f18-1af724b618c7
530.1,2024-11-05,530.17,524.48,524.72,3300279,e618acd9-76e1-42f6-8d45-cf714acdd15f
523.8,2024-11-04,526.28,522.0301,525.06,3681461,3986f1a3-e7b7-4497-a3d0-6ea8404504eb
524.94,2024-11-01,529.08,524.5401,525.16,6106942,65987ad5-2dc2-4291-b0d5-468ba77e4a57
522.67,2024-10-31,529.23,522.51,529.09,7972774,21389aa8-6488-40d9-81d0-a2d29063e462
533.16,2024-10-30,536.2,532.59,534.35,3067015,04ef8b56-a5c4-434a-9a4d-5220607a9926
534.77,2024-10-29,535.82,531.75,533.12,3027611,e08286d2-fbbd-4817-bcb4-72587db089a6
533.92,2024-10-28,535.57,533.6708,535.53,3407971,0d7c5c8c-cf51-4707-8402-09b3905eff88
532.26,2024-10-25,537.2601,531.414,534.65,4327190,e7f95ee3-745b-42e1-9bae-6a9f9aa48050
532.47,2024-10-24,533.18,530.04,533.17,4477762,cc9a7bfd-6c4a-4f17-9ed6-45d8593fed8e
531.27,2024-10-23,534.72,528.02,534.28,5227754,5cf9c036-6dad-4650-9f2e-cbcbe9880f13
536.16,2024-10-22,537.28,533.47,534.11,3366595,c545e901-10c6-4bc8-8142-8abc2f4d0f47
536.53,2024-10-21,537.61,533.71,536.72,3671431,90916807-f76b-4636-934e-2074ae75a243
537.36,2024-10-18,538.1,535.56,536.9,5070412,2234c383-1726-4678-be9f-38677dfe379b
535.3,2024-10-17,538.76,535.15,538.62,3225297,b3631b1b-f502-496a-84a5-e3d794577e99
535.22,2024-10-16,535.73,532.215,532.93,3237216,cfa5730c-5b25-453f-b1ce-e938cdfae950
532.98,2024-10-15,537.61,531.82,537.38,4811330,7082ab6f-4ef3-4a91-bd61-03261081957c
537.07,2024-10-14,537.98,533.97,534.25,2638929,9db727a8-9b97-43ae-ab92-8118f70976d9
532.71,2024-10-11,533.43,529.39,529.5,5429168,a5aa81b8-6466-4486-adae-ede9730abf36
529.56,2024-10-10,530.9,528.09,529.27,3637633,142b7099-8b23-420b-a78f-d4c83ab33640
530.45,2024-10-09,531.03,526.31,526.87,2941785,8a2a0e69-e9c3-456a-9f42-a39a38950778
526.85,2024-10-08,527.38,523.5,524.32,2626667,a530b3d8-2d26-4046-8851-549e9084fd99
521.91,2024-10-07,525.7201,520.81,525.14,3970505,5ba221ff-1500-476d-81c7-ce6c44c8099e
526.65,2024-10-04,527.02,522.3,526.16,5358175,94e7e3c0-9df4-4bfd-8297-0650fb93c2e8
521.84,2024-10-03,523.755,519.82,521.56,4007952,d384f2ac-5414-4268-90c0-2b5b38e87b81
522.83,2024-10-02,523.85,519.5801,521.85,3270583,1fc4e120-2b67-403f-80a8-21c40ac1f931
522.74,2024-10-01,527.1,520.23,527.04,9198657,961fa8f6-5e45-4d84-8292-4430fd50f0a1
527.67,2024-09-30,527.955,522.19,524.32,8017349,9f767cd6-6759-4164-ada0-44e7461db0f4
525.38,2024-09-27,527.77,524.32,527.09,5598594,88a4c6d0-029e-4073-ad30-8e7368480ba3
527.7,2024-09-26,529.92,525.49,529.67,5273915,a655e3ff-bc91-4f5d-b953-229b15d22235
525.61,2024-09-25,527.3,524.65,526.61,35418050,28123eeb-f9ff-44d5-a377-6aede2fc940b
526.68,2024-09-24,526.84,523.38,526.01,4650608,fa5511a2-d3f5-4b41-9b9d-9bba1d3c0a89
525.17,2024-09-23,525.83,523.83,525.0,29289160,f4553e25-119b-41b7-86e5-ca3ee036d20c
523.88,2024-09-20,524.92,521.12,523.51,5612678,3e3cb659-6e54-4612-9645-bd7b19a751d7
524.91,2024-09-19,526.6,522.19,524.88,5558371,049d8256-6402-4282-bc9f-283d30a84c82
515.91,2024-09-18,522.73,515.47,518.18,6921278,effeef06-ce2d-410b-a5ac-09252a1046ef
517.59,2024-09-17,520.735,515.5,519.44,8149957,d56f8f16-9c59-40d0-a52e-95a746b93588
517.35,2024-09-16,517.59,514.65,516.34,4256253,f4030f3b-0b63-4225-ad02-b264997b0fa8
516.57,2024-09-13,517.53,514.23,514.43,4416641,9594b4f8-d865-43f2-8cbb-c6d5b9b80bd3
513.84,2024-09-12,514.1398,508.06,510.09,4099538,37887fad-b403-4893-9fb7-a65519d285e5
509.46,2024-09-11,510.44,496.25,504.31,4945832,8a44ad8b-90a9-4f5a-92ca-b1de84df131d
504.3,2024-09-10,504.705,499.4997,503.95,2975385,56ae99e2-6bca-4f6b-8dca-95618173c7da
502.23,2024-09-09,503.37,498.75,500.6,3656797,b590ea81-5765-41e7-92d7-f38aae4ea6c9
496.64,2024-09-06,506.94,495.8,505.34,7411439,66d90711-7e97-48ba-9847-c984b1d07851
505.05,2024-09-05,508.94,502.84,506.36,3425569,aa6db305-3dc2-4f9a-8423-02f1c6d7e5c8
506.3,2024-09-04,509.53,505.02,505.68,3601373,ae3b6459-c6ff-45a4-8638-2ba3f6f1cad3
507.56,2024-09-03,515.43,505.1,515.12,5866441,ef473930-33ad-421a-aa31-49b2559b2668
518.04,2024-08-30,518.58,512.12,515.42,5637725,9b69e550-7fb9-40cb-83c7-4da509dd1239
513.21,2024-08-29,518.09,512.13,514.99,3487145,3e8f4fbd-6441-41e1-8960-70d1ea41933d
513.13,2024-08-28,516.23,510.16,515.8,3940428,8925b59b-72cb-41a5-8d70-53699e373ff5
516.08,2024-08-27,516.59,513.16,514.26,3031778,7a19999d-818a-4843-8d17-7520a32f211c
515.39,2024-08-26,518.29,513.875,517.64,3398640,2ab4b7a9-ed1f-4649-b0c7-2dbdf3782503
516.66,2024-08-23,517.55,512.2521,514.33,5102791,1532c756-ab2c-4e87-9803-047886e2e3bc
511.13,2024-08-22,517.63,510.1,517.05,3677087,ea10f4c5-3552-44aa-8e17-ee2260153a6e
515.3,2024-08-21,516.6599,512.85,514.47,3344050,af8234c3-06d7-4d7f-9924-9022cbede537
513.5,2024-08-20,515.4799,512.25,513.92,3155981,2827081b-396a-4d1b-8d88-962f5b61d99e
514.35,2024-08-19,514.35,509.06,509.86,3804313,f28f53b8-d0be-4c0d-bb51-cf9c0175c49e
509.45,2024-08-16,510.11,506.65,506.84,3449286,0baf14d9-aae7-466b-ae8e-5bab86a935ce
508.38,2024-08-15,508.59,504.4857,505.09,4278953,2ac2bd90-0fae-4bfd-80ef-8ead42fd4baa
499.8,2024-08-14,500.85,496.478,498.92,3700503,af1fac09-2a80-4fd8-a051-f1ff08f68010
498.21,2024-08-13,498.38,492.92,493.14,3247887,5200cba2-25ee-497d-8b03-ac99cf9c130b
490.07,2024-08-12,492.35,487.98,490.94,3578134,4f2e8d76-b857-4a1a-bb92-f6393d24fe6e
489.82,2024-08-09,491.21,485.82,486.93,7661331,46410174-c075-4f99-9044-1da098f0ae57
487.73,2024-08-08,488.27,479.64,481.49,4177234,33adc1c3-0de3-4882-9923-cb2d2719f94e
476.61,2024-08-07,488.55,476.11,485.7,5976351,dd6dc2cc-1c81-4248-aca6-df75fc4b5403
479.94,2024-08-06,486.86,475.94,477.39,8255040,392f973d-cc13-48dd-b168-faf15b0fde37
475.2,2024-08-05,481.18,468.89,470.17,15244280,7f65d92f-3d59-481b-b8b0-1f148dfc54d7
489.91,2024-08-02,493.52,485.8,492.41,8561166,314a299d-628a-4089-9cea-475a322a7ad5
499.03,2024-08-01,509.9,495.75,507.84,6939217,666eb5b8-b0af-4832-8013-3c8d1fd1a7eb
505.93,2024-07-31,508.6532,503.305,504.48,5367587,dc01ce45-bec8-4018-8b55-e338f56f7ca1
498.08,2024-07-30,503.01,494.915,502.05,3817800,3dfb0d6c-f328-4c2f-b868-78593d1c9ae5
500.7,2024-07-29,502.765,498.7746,501.82,3096178,dfaf2c0f-1022-44d6-bade-eee2809838ee
500.33,2024-07-26,502.885,497.67,498.36,3635984,14f1f943-8667-42b6-8c0a-8443569902ad
494.78,2024-07-25,503.14,493.92,497.55,5646601,6f4c3559-886a-4a9f-ae73-dbe3e1d74717
497.29,2024-07-24,504.7,496.545,504.43,6157402,3533ac07-117c-40d2-b9a6-9425677364b2
508.94,2024-07-23,511.65,508.49,509.66,3116045,177ad649-c4c1-47e1-93f2-378fe9678ecf
509.79,2024-07-22,510.32,506.44,508.27,4342929,44f22982-2c8b-4bcb-a442-c157ae20e59e
504.55,2024-07-19,509.2,503.56,507.64,4039437,265e7f38-b468-4ce8-b45b-c4a71a87bc7a
507.94,2024-07-18,514.19,505.871,513.25,5055850,4df88c42-8c7d-4a15-b130-bc77482943b3
511.79,2024-07-17,515.11,511.56,513.56,4984306,d235a972-5fab-41bc-9b8f-d4eb2b586be0
519.04,2024-07-16,519.4,516.6,517.33,4164300,e7c10f80-4965-4002-b57a-5342fd1cc638
516.11,2024-07-15,519.12,514.34,516.58,7771524,2610e1f1-012e-475c-b6d6-1962cf41c5bb
514.55,2024-07-12,518.03,512.17,512.49,5238170,c8bda4e8-b760-467d-8ba4-d37df1dba882
511.39,2024-07-11,516.79,510.825,516.0,5546308,bb5f4c17-33f6-46d3-80fd-e1b0f0973e4b
515.81,2024-07-10,516.185,511.69,511.98,3446923,78c3fc5a-6dc0-48dc-881e-3e240b0f8b36
510.89,2024-07-09,512.01,510.54,511.21,3145823,42b9ad67-f46b-4e53-b626-606cced68b37
510.33,2024-07-08,511.205,509.32,510.5,3143379,c1bea1bc-c20e-4ba1-b682-17fcdd4b1897
509.84,2024-07-05,510.1,506.49,507.13,3156922,860686d4-eb53-43c0-9ec1-a4170f59c8d5
506.81,2024-07-03,507.14,504.22,504.22,2131086,c1208515-0fa1-446e-983f-5b8bcf9bc170
504.53,2024-07-02,504.61,499.61,499.69,4210083,9ea7fa5d-05f5-4b01-a90b-03c411ba5529
501.28,2024-07-01,501.6799,498.6,501.49,4368526,1f8b326a-5f3b-446f-800e-b51439fa6b88
500.13,2024-06-28,505.73,499.01,502.97,5598571,f2df022c-0006-4781-bcc0-74f47f220bb9
503.85,2024-06-27,504.48,502.32,503.0,3619655,e7f6adc9-55eb-4c16-8849-6807423a620c
503.07,2024-06-26,503.77,500.89,501.47,3202700,86c1cfd0-05bf-483f-ac7b-a777349049e3
502.51,2024-06-25,502.83,500.32,501.71,6336724,f43cf3c1-1549-41d7-b2f5-e0e17b7e3447
500.43,2024-06-24,504.4395,500.43,502.03,7022844,c243727f-64a2-4cc9-883d-0cfafab21fbb
501.78,2024-06-21,503.2157,500.85,502.1,4347838,12dc8754-cb0c-418e-bd8a-acaa1a8e1f5e
502.88,2024-06-20,505.74,501.19,505.14,4810867,d5c1f0ce-e060-4e7a-8ce6-23a216bf094b
504.28,2024-06-18,504.3552,502.63,503.05,3431665,a178d5f9-512a-43a3-8d59-89c60526b030
502.94,2024-06-17,504.18,497.91,498.48,4609539,1c4b89ef-ec95-482e-90fa-f8a3b66def40
498.98,2024-06-14,499.04,496.29,497.26,5812046,d0b085ec-7614-42ab-8a25-5bc60fcc573e
498.58,2024-06-13,499.45,496.06,499.3,8808879,eca2bda9-15fe-4161-98df-71b8147e3cda
497.64,2024-06-12,500.15,496.71,497.93,3698787,1c04bab2-1ab3-44cc-99fa-871c4a15da27
493.53,2024-06-11,493.66,489.109,490.99,4028423,e14a1d95-2dcb-41a6-986f-da50fbc51869
492.41,2024-06-10,492.69,489.56,490.17,3465222,66ed88bc-c4da-4fe9-9070-146321d39ee8
490.8,2024-06-07,493.53,489.54,490.55,3063587,c8013c14-7ab2-478a-8037-4609e2fccec4
491.44,2024-06-06,492.18,489.6401,491.84,21343960,459a14f9-1ce5-4f3e-b565-fcabee7d9508
491.55,2024-06-05,491.55,486.06,487.87,3026146,9a95e860-2785-431a-8dcd-bdf5b45a5ddd
485.74,2024-06-04,486.41,482.56,484.0,2560269,c8193259-11ac-46d5-980f-24a4eca07dd9
485.15,2024-06-03,486.41,480.4,486.3,4211256,5fd37eef-9d98-4c98-88f9-2cafc9652f1d
484.62,2024-05-31,484.91,476.475,481.24,5333971,96a54b09-d88c-4c36-8824-1bce4f8891f8
480.44,2024-05-30,482.7504,479.2,482.12,3393589,f32226d9-26c0-4516-a735-29118fbc37e8
483.69,2024-05-29,484.68,482.96,483.19,5604961,a010df91-f9e9-43ce-bd9d-f564d188d709
487.12,2024-05-28,487.645,484.525,487.4,4034716,e11da9ee-48f1-4b34-a4a3-8f5670213642
486.73,2024-05-24,487.4,484.33,485.18,2555241,ef246834-12a0-49e1-a4ec-eaf3ebae22b1
483.44,2024-05-23,489.99,482.29,489.91,3811307,4bfe657c-0f3d-4c48-a3c6-8bd9daf2b597
487.06,2024-05-22,488.43,484.94,487.79,3250581,bea76cbc-f563-4595-9c36-8a37974bd359
488.48,2024-05-21,488.58,486.35,486.53,2453576,e4d51d67-e5da-4257-a04e-89d248eb87fa
487.17,2024-05-20,488.6099,486.45,486.78,2599585,9964059b-9ba2-4e8b-abc0-e649f3fc5f9d
486.69,2024-05-17,486.73,484.7,486.09,3274035,972ac3c6-04e1-45c9-a277-04f740f03ad5
485.97,2024-05-16,488.57,485.83,487.05,3347381,5a85b72d-5ba8-42ba-8d3a-9e1ba84d98e9
486.9,2024-05-15,487.23,482.735,483.34,4399485,ae312745-520b-48ea-bf41-3bb9bc7db552
481.04,2024-05-14,481.47,478.48,478.98,3257724,9338e487-3ed5-4910-90db-44a1091cd929
478.77,2024-05-13,480.42,477.73,480.35,3108442,453baef4-be29-42e8-9b05-4690c2b03e73
478.74,2024-05-10,480.39,477.59,479.69,3347159,07382e2c-503d-4720-a320-aba3392b4213
478.15,2024-05-09,478.15,474.94,475.59,3486049,716a1d39-df00-4aa1-9a79-9f7dd20e1918
475.42,2024-05-08,475.86,473.5,473.59,3214878,68149d82-83a4-4c3d-b55b-85062b9aa55e
475.4,2024-05-07,476.64,474.71,475.7,3451302,d153ae8c-3b0a-46a2-88da-eea5e49131e9
474.72,2024-05-06,474.81,471.82,472.22,4782542,4b69cd31-fe14-4d51-8044-af8e88c36089
469.98,2024-05-03,471.0,467.4401,469.76,4586859,2aeae500-27ee-43d8-aae1-3a7b86c93a9e
464.22,2024-05-02,464.95,459.16,463.36,3972424,20d75b67-3e12-44bb-a20a-8de723db98d4
459.93,2024-05-01,467.07,459.44,460.77,6115377,e8bebed8-3acd-4eb6-b3fe-93b7b6366325
461.43,2024-04-30,468.34,461.36,467.42,4364836,3c80a1cc-1e8e-413a-8b05-af73d5b8efbb
468.84,2024-04-29,469.42,466.21,468.84,3253205,2a291ad0-edb5-49fd-a600-a7dc0d098dea
467.21,2024-04-26,468.63,464.81,465.33,4907113,0d89108d-1324-4776-a55e-08fc8444f653
462.58,2024-04-25,463.46,457.26,458.77,4876228,4d122d75-1a71-4849-92d8-f124b3ba85b4
464.5,2024-04-24,466.31,462.44,465.57,7687837,c7f57005-b7bc-4483-b3ee-9d30eb2cf056
464.84,2024-04-23,465.13,460.67,461.18,4257400,475ac19b-5de7-4320-b1c6-c3e2ae0c9ab2
459.05,2024-04-22,461.7299,455.35,457.55,5818088,ba58dae7-1007-42a6-ad47-7759d9f3f53c
455.1,2024-04-19,459.94,453.9,458.99,9787454,8543b678-9783-455d-8857-758a191712e3
458.94,2024-04-18,463.3,458.21,461.36,5637286,47c63fcf-6704-4a68-8258-15b97e389c41
459.99,2024-04-17,465.24,458.73,465.11,7156229,200f39ed-e3f2-4ee1-b924-7a2bc72a49bb
462.78,2024-04-16,465.51,461.59,464.05,6761419,c85ea0ec-f31d-49f4-946c-a26a70ad3f54
463.61,2024-04-15,473.59,462.85,473.47,9530044,e8cc81e0-8503-4714-bad5-8781a4d56ae5
469.57,2024-04-12,474.05,467.91,472.77,6959723,ad1198d8-3c8e-4396-be54-ab3dfdde9d11
476.06,2024-04-11,477.43,470.67,473.98,5109901,368ad326-c335-43ae-8cca-127d9786545f
472.65,2024-04-10,474.39,470.67,471.91,6933388,f3eb1f6f-5bb5-40ea-9e00-29ab684b5897
477.27,2024-04-09,478.6,472.74,478.38,5254191,74dad7c4-1d66-41c3-b18d-d1c485d934eb
476.68,2024-04-08,478.07,475.97,477.15,4736778,8d87bcd4-6c73-42d3-b72d-711906392bdb
476.49,2024-04-05,478.33,472.42,472.85,5588160,2b6547b0-aa21-418e-adc1-da742ff6b9cb
471.48,2024-04-04,481.48,471.27,481.2,6871190,be104ca0-3a18-4de3-832a-52815d21b925
477.36,2024-04-03,478.802,475.79,475.84,6224812,7cae3d98-7c65-4b49-b8cb-f9fb58f66a82
476.93,2024-04-02,476.99,474.71,476.33,4817822,6bdd38c9-d65c-4dd9-8941-551a2635f7c9
480.07,2024-04-01,481.96,478.83,481.44,5733960,4815661e-52af-4b7d-b43b-4607e7890fe9
480.7,2024-03-28,482.1598,480.5034,480.87,4065018,661d2b1f-690f-45dd-aa91-f97a419287dd
480.76,2024-03-27,480.87,477.45,479.51,4951429,03482d95-7831-4ae1-b215-e73f688eea24
476.6,2024-03-26,479.37,476.43,479.06,8073502,b31080ec-7b4b-4b95-97bd-fa7e5df38318
477.94,2024-03-25,478.79,477.55,477.73,6081277,10716abb-8598-425b-9463-aeac505bcad9
479.18,2024-03-22,480.32,478.82,479.87,5881503,3ab37abb-643c-4231-bcb9-b1a98c26a5b8
481.35,2024-03-21,483.235,481.21,482.62,5044680,82730a09-c3e2-4246-9e2f-acd4096afbd7
479.75,2024-03-20,480.02,474.93,475.54,6179356,f5ebe1e4-63b0-4e53-8b58-72582fc39762
475.6,2024-03-19,475.74,471.29,472.2,4550248,ea7a666a-e0c3-4b42-b379-e53f553f13ea
472.95,2024-03-18,475.279,472.5,473.95,3939105,2ae41532-9445-442a-abbb-f6208edcab49
470.01,2024-03-15,471.7814,468.7201,470.41,6807087,e9096a42-d790-4cdb-a7dc-657838cc358d
473.27,2024-03-14,475.325,470.45,475.16,5152980,d93316dd-5f01-47ee-b2b4-facc73c74beb
474.31,2024-03-13,475.47,472.9,475.31,3544526,a6686637-974c-4d51-b0bc-7d305d9302da
475.03,2024-03-12,475.55,469.57,471.92,4811036,1289b4b3-6365-413d-9f98-40dc7758dac5
470.0,2024-03-11,470.455,467.39,469.2,5323866,74e9ec52-19db-4fd8-80fd-8fea5642d53a
470.39,2024-03-08,476.2994,469.82,473.77,6285625,231e70c0-cdeb-4075-97dc-13836da63b64
473.26,2024-03-07,474.19,470.78,471.63,7149802,be4222d9-456f-4590-b452-26361a6f5fed
468.62,2024-03-06,470.66,467.3199,469.25,5325050,30de6f95-9739-4932-bf23-cfd5df55c187
466.15,2024-03-05,469.38,464.06,468.95,4616503,bbc53a6b-9795-4ba7-91a5-8400eed3466a
470.87,2024-03-04,472.6,470.6,470.61,3970242,1f57f342-5a27-45d8-8a9a-431663491243
471.43,2024-03-01,471.77,467.43,467.83,4839421,52617531-0343-4942-a10a-b18edd7c47ec
466.93,2024-02-29,468.49,464.47,466.97,7332921,b10ccdf3-e866-47b6-a08d-1ce13a2e931f
465.21,2024-02-28,465.83,464.11,464.49,2800602,3e9041c9-4d95-415b-b03a-78550b5e1c0b
465.93,2024-02-27,466.12,463.91,465.71,3586943,de1542da-6036-4d0f-91c7-f49f034868f7
465.07,2024-02-26,467.59,464.94,467.19,3450804,3a683a13-45bb-4cab-96a9-0976e6d7209e
466.78,2024-02-23,468.87,466.0907,468.09,4050621,5ccd187a-d97f-4bec-89fb-623057da6af6
466.57,2024-02-22,467.33,462.315,463.22,4328536,d2863b15-a66c-458b-bbe6-be9c8e36aa3c
456.97,2024-02-21,457.12,453.6,455.32,4223078,d207e83e-f4ff-4dde-8b93-b53cdb974ace
456.51,2024-02-20,458.06,454.43,457.44,5306784,eb7d5655-33c2-44e7-b12e-1204a2bbb9b8
459.03,2024-02-16,462.15,458.4,461.08,5527893,c543d313-59ed-4e04-8342-991d6648344b
461.39,2024-02-15,461.54,458.43,458.9,5695711,85ef7d60-ce75-47aa-9ec4-592096ad0a98
458.29,2024-02-14,458.67,454.4,456.575,5624009,a122b7ea-2aa1-4ced-ae47-7838b155441c
453.97,2024-02-13,455.7,450.995,454.48,8152242,8bba3d0f-1460-44a0-9a62-55c098040e70
460.46,2024-02-12,462.74,459.75,460.61,4564233,3ca2b6d8-7c3b-43cb-ae0a-3eedaf8e13d5
460.67,2024-02-09,461.03,458.17,458.54,4002594,5fb08728-58ba-4459-b8be-9a744171bd00
458.07,2024-02-08,458.33,457.03,457.81,4184592,40ceea34-7e5f-4ab7-9130-a392330bfd67
457.76,2024-02-07,458.18,455.27,456.15,6763415,78940d9e-80a1-4d61-a75c-411d765ee414
454.03,2024-02-06,454.29,452.21,453.58,4383601,3b14ac93-6834-4076-9d50-5eb1dcb4fac6
452.62,2024-02-05,454.15,450.54,453.73,7101857,4feb1ae2-0803-4af1-9ee8-32b701541686
454.28,2024-02-02,455.88,449.69,450.01,6253482,d65ee8fd-b0e0-4e9b-b848-3e977e9d5559
449.66,2024-02-01,449.66,444.6502,445.35,6138360,d229ca1d-08c9-4ac2-bae2-3e040f1d17f2
443.82,2024-01-31,449.465,443.75,449.04,7108043,ce6cdc18-f169-4ef7-850f-a5be8bb9eb33
451.17,2024-01-30,451.81,450.44,450.84,3409953,12c1e35d-fea4-4543-b799-211f4c098bc9
451.49,2024-01-29,451.6098,447.7112,448.23,4543252,7e4d2a60-f202-4c13-82ad-e2aab5aeb6e5
448.23,2024-01-26,449.51,447.16,448.1,6404023,cd3cbce0-0bfd-4a3d-ae04-15e9d0d5f6ea
448.5,2024-01-25,448.76,446.11,448.14,4167055,02141cd2-3c04-4cf5-a02f-5a91ff668e6d
445.99,2024-01-24,449.1896,445.75,448.32,4568204,a4341751-1857-4848-b3be-e37787ab237a
445.62,2024-01-23,445.82,443.78,444.83,3251586,9a9cf2ae-f53e-47ed-9336-940df81eeaf9
444.3,2024-01-22,445.92,443.68,444.77,5870412,14073339-1451-446f-87cf-f4533288201e
443.29,2024-01-19,443.61,438.31,439.0,4836802,78ad2e91-a935-4797-a397-77135e231eaa
437.93,2024-01-18,438.39,434.16,435.58,4331285,441a8186-e194-4d5c-926f-0e721b813304
434.07,2024-01-17,434.48,431.81,433.6,6044611,b46ececd-46a3-45b6-a84e-1095f63a6bd4
436.5,2024-01-16,437.98,434.74,436.79,5730839,446d8593-4216-46b7-96a2-081eff9d5537
437.99,2024-01-12,439.8,436.73,439.11,5182669,5a5de304-a12a-4190-8a52-2faa9ac540dc
437.79,2024-01-11,439.355,434.0,438.94,4796587,e71af96d-cc6e-4387-a95f-2f4cb902f1a1
437.94,2024-01-10,438.735,435.48,435.77,4278841,32051ade-10d9-42c3-aba1-da87e0b0ac73
435.07,2024-01-09,436.43,433.1633,433.62,7939567,ca7ab6c2-20be-4c8e-9762-6eec9276e232
436.13,2024-01-08,436.27,430.37,430.45,7222362,a6aa41db-00b4-4127-b15b-e09f607c7f76
429.98,2024-01-05,432.3,428.64,429.59,5724608,b5573ade-c3f9-40c8-8e31-a6cb06ddcd48
429.43,2024-01-04,432.78,429.21,430.33,3945259,0df03acf-900d-40a8-9286-886a734cf9d0
430.79,2024-01-03,433.0,430.25,432.32,4805049,a1766f2f-3a01-4125-addc-00dd9a5e7798
434.01,2024-01-02,435.27,432.36,433.91,9076041,fff916fa-d527-408b-b46b-a64dfd8f3a51
436.8,2023-12-29,438.34,434.94,437.87,4376885,06ad1054-ccc7-4d72-bef2-2db4ba1d2c9e
437.97,2023-12-28,438.84,437.66,438.25,4703655,f9ce122b-3acc-4a12-9c18-2dff661de62d
437.9,2023-12-27,438.02,436.42,436.895,4271009,73c93630-3cd7-48eb-8e90-f5ee0733e7e1
437.1,2023-12-26,437.92,435.58,435.666,3835837,86773ec1-946f-4e8b-a9e4-d621f7289f94
435.29,2023-12-22,436.838,433.48,435.46,4037829,3ea1fd3d-adce-404b-a1b2-86927b910947
434.28,2023-12-21,434.64,430.8552,433.13,4621606,444d7ceb-3615-4725-9462-8064e389eb2d
430.09,2023-12-20,437.305,429.9,435.51,5783234,4010f52e-377c-496f-8ded-e3f5fa3de6b3
438.19,2023-12-19,438.22,435.95,436.04,4061508,4237f95a-44f1-4ceb-a543-7936b9f21770
435.54,2023-12-18,436.4,434.45,434.64,4280475,b649c723-0bd3-4a1b-8ad3-f569041c3c24
433.09,2023-12-15,434.25,432.24,433.19,5326041,8bb968d3-2370-451a-bf78-f76206f99c2c
433.75,2023-12-14,435.3642,431.24,434.22,8349143,712e8eaa-5612-4fd0-bbae-d8aadfa98aca
432.48,2023-12-13,432.61,426.51,426.88,8659116,9a74c0f4-9931-485d-b6aa-0cded210c8e5
426.67,2023-12-12,426.67,423.2739,424.22,5982557,f1160acc-3d42-46fb-86c6-6ab75d957eea
424.56,2023-12-11,424.71,422.22,422.41,5247086,b70bbbe7-ff78-4518-a3cd-ce736ee262a7
422.92,2023-12-08,423.37,420.15,420.37,5125278,6ae211d2-0036-4038-8109-4ab8f3d001b2
421.13,2023-12-07,421.67,419.28,419.81,3248251,211ec6ea-dcf8-40d5-8e53-51ebc6d3b5b6
417.86,2023-12-06,421.67,417.46,421.61,4201801,9e16f40b-2c5a-4c17-839e-7ece05905318
419.61,2023-12-05,420.47,418.0,418.34,3419283,2c939ede-85ee-424e-826f-b9532e3ae07d
419.74,2023-12-04,419.87,417.5,418.65,5806079,a1bb6814-92d7-4635-bfa9-e3fc214824d8
421.86,2023-12-01,422.37,418.25,418.83,4973625,da6bc269-b041-4495-b3ce-575d025ffff9
419.4,2023-11-30,419.7,416.57,418.54,4405690,6a2fa8e1-2872-4dcd-b5ce-80fff507d62c
417.78,2023-11-29,421.12,417.365,420.059,4092618,e2207d34-d674-43ce-909d-02acab801063
418.05,2023-11-28,419.25,416.71,417.25,3382442,f4e78402-1e4f-413f-8c81-d3535a367a79
417.64,2023-11-27,418.5273,417.23,417.79,3632552,4a3f1b25-2414-44bf-bdd8-48aaad6d6920
418.37,2023-11-24,418.49,417.84,418.19,1351272,456cb3ce-d2ec-4d3b-918b-5c3b421686d3
418.14,2023-11-22,419.31,417.06,418.07,3694064,d4acbf08-d4dc-490f-8167-cc31eda35202
416.34,2023-11-21,416.84,415.3,416.4,5248187,e7d41573-07fc-4d8f-8401-b93b18b39e1a
417.43,2023-11-20,418.2,413.9799,413.99,3524412,0708a70e-253c-4e2b-bead-96320d6c42bc
414.31,2023-11-17,414.79,412.87,413.94,4700139,869bd175-8412-4fbf-832a-53170c1d6fb7
413.7,2023-11-16,413.95,411.75,412.74,3798889,1600149c-ee58-4921-9d58-32e2f21a05c9
413.12,2023-11-15,414.72,412.37,413.54,4414807,94186e3d-d99c-4cc4-af38-ed3be326cdb4
412.22,2023-11-14,413.51,409.8856,410.04,6973115,49fb33c6-86ab-43c4-8272-c088dd696358
404.45,2023-11-13,405.49,402.82,403.59,2872941,81653363-cd2d-455a-ab09-ddc27bd54278
404.86,2023-11-10,405.109,399.14,400.59,3994439,bcd21b31-0784-42d2-a710-92768005914c
398.64,2023-11-09,402.88,398.21,402.81,4145615,c626aaee-8159-4d63-9439-89e7bcb34786
401.67,2023-11-08,402.5026,399.56,401.99,3731858,75d3da65-6701-4b78-8fe7-c86a7223b619
401.34,2023-11-07,402.04,399.23,400.26,3358578,a9b20cd2-1376-4565-9594-2eed9fbfd0f9
400.21,2023-11-06,400.733,398.46,400.12,4007105,9d551536-78a2-408f-a261-228bab80ca6c
399.44,2023-11-03,400.85,397.84,397.92,5981435,2c8a7419-c657-4ec2-9e26-1b19802e5e7b
395.78,2023-11-02,395.9096,391.92,391.93,4752164,e2c4368d-38c4-42b3-8011-86a99cbdbecc
388.4,2023-11-01,389.08,384.62,385.09,5549159,2ff45063-030e-4a7c-9287-051ca928c655
384.17,2023-10-31,384.48,380.56,382.35,4523160,a256fac6-d3de-4bdf-a56a-736606ac0a8a
381.86,2023-10-30,382.8,378.71,379.91,5795761,f21d4aec-1576-4444-b694-82d96b4d21bb
377.32,2023-10-27,380.89,375.945,380.53,5638752,50d13f2f-2f38-4568-b033-adeecf24bf05
379.0,2023-10-26,383.3971,378.15,382.63,6959401,3ca14383-9ab5-4bd7-9b58-88eb35b7d547
383.71,2023-10-25,387.68,383.12,387.6,5471214,47b7639a-c3f8-430e-be40-a756c2143cf7
389.2,2023-10-24,390.26,386.55,388.28,4451513,c2a57e64-ad14-48d0-b957-a1d34484e7a2
386.31,2023-10-23,389.94,383.85,385.48,5537131,58b5b86b-8540-448c-a130-c8d749ef0466
386.99,2023-10-20,391.82,386.84,391.38,7549614,838b4a1e-40bc-4940-8426-084f88fbfcca
391.87,2023-10-19,397.6,391.135,395.97,6708903,4956a3a2-2444-4bae-899e-1a96c02e974c
395.22,2023-10-18,399.81,394.22,398.89,7329261,e05cc73a-5bd8-43e8-bbf0-25468d26a387
400.58,2023-10-17,402.5,397.3075,397.63,4214609,81704287-2354-4a7c-b904-78d38cbd0272
400.57,2023-10-16,401.6,398.34,398.57,5150941,f9db3b43-2be3-48da-b0f0-a0a60c7fb67f
396.42,2023-10-13,400.96,394.96,399.81,3772219,34321319-0782-45d9-8157-71452f0545bd
398.52,2023-10-12,401.8,396.2,401.48,3872929,0e5a40e6-dced-41af-8541-bf3fb48630ad
400.93,2023-10-11,401.09,397.99,400.27,4181784,c9f078de-fc23-4d44-96ef-f46f637a53a1
399.24,2023-10-10,401.68,397.3875,397.77,3289640,c1a0d039-504d-4ef2-a08e-034f3faaecb9
397.19,2023-10-09,397.69,392.31,392.8,2959502,63882489-b216-477b-a8df-90a7924a074c
394.56,2023-10-06,396.085,386.4104,387.69,4897219,66d97e97-9b20-42f5-89b8-64d42c78e5a7
389.91,2023-10-05,390.7889,386.95,389.89,3329091,8de466f0-b099-497e-af14-8b0c878784c9
390.24,2023-10-04,390.85,386.4,387.73,4333740,7d5123fe-7d3d-4ad7-baac-6efb083fc6dc
387.39,2023-10-03,391.93,386.03,390.58,6886663,a5c9c489-565d-40c7-a013-1de6b59ceb44
392.67,2023-10-02,393.7599,389.97,391.9,5886153,3ece188e-ea4d-444d-8d96-2f53d4e77cbd
392.7,2023-09-29,396.74,391.3,396.62,5766585,a10b3b6a-e90d-429e-a36f-ba6294008afa
393.64,2023-09-28,395.27,390.33,390.87,4065775,a77c5225-4331-4327-83ff-d9868f8e05bc
392.85,2023-09-27,394.39,389.45,393.84,4837698,3ead88ef-19f7-4164-bc57-7c981f007398
392.76,2023-09-26,396.36,391.96,395.72,5734734,aaab97cb-58ca-4963-85aa-c91ac649ca93
398.61,2023-09-25,398.6392,395.37,395.76,3227900,bd565ef9-c69b-4fd8-91c1-d88d33559d01
396.96,2023-09-22,400.326,396.555,398.795,7206528,81c8297d-9ab9-41ca-8742-25128420e4a8
397.92,2023-09-21,402.05,397.69,401.8,4633139,40e1d44a-ea83-4286-a025-308a6ba8b0b9
404.55,2023-09-20,409.84,404.33,409.46,4009415,d1aa5dc1-9be3-4308-a9aa-4a1339896792
408.37,2023-09-19,408.805,405.71,408.22,3629773,0264806d-1d2a-46f0-9ab6-4e7c2cd4b016
409.19,2023-09-18,410.34,408.16,408.58,3014571,8c2ed2aa-b134-44db-9d87-ddd8c1eba82f
408.74,2023-09-15,412.67,408.48,412.34,4004030,356378cc-98a8-4dcc-8028-cb231e120caa
413.9,2023-09-14,414.51,411.42,412.67,3660901,9f0aca6c-8381-4870-b872-b81ddc454fef
410.35,2023-09-13,411.4,408.99,410.03,2529748,f639e81f-9887-4a46-853b-fdd0e423fe4c
409.87,2023-09-12,412.15,409.29,410.7,7595296,31f5e850-3008-4a3c-be25-55a572f93905
412.08,2023-09-11,412.38,410.29,411.88,3346563,9592d023-7ae1-4ca2-a7b0-2b889543dec3
409.39,2023-09-08,410.84,408.49,408.82,4125223,bf452103-3cdc-4ba9-9a1f-e2eb5e48d24a
408.83,2023-09-07,409.43,406.855,407.17,2245759,edcf39ff-8d0f-45f2-96bd-4ff659d84549
410.05,2023-09-06,412.13,407.83,412.1,3744068,1fcb5386-690f-40d8-a9dc-e2ffadecd211
412.9,2023-09-05,414.47,412.77,414.2,4426687,85087434-3dbc-4e33-9c93-e27416aebd81
414.71,2023-09-01,416.88,413.21,416.46,3587971,db4b623a-ebce-4a6f-9950-2d5659fd093b
413.83,2023-08-31,416.12,413.66,414.982,4751131,96488783-9ab4-4dca-84a8-bc5d650c9bef
414.36,2023-08-30,415.0292,412.4,413.03,3004516,f897de27-7ff9-482f-9068-f30eb1681caf
412.64,2023-08-29,412.98,406.57,406.78,3482664,ad092bc8-de9b-44ee-b9d8-7e7c3c131765
406.86,2023-08-28,407.44,405.1,406.36,3236711,e113782c-9e38-4602-abaa-7e65e6c37739
404.2,2023-08-25,405.8,399.71,403.08,4417835,227d2d05-c77c-4160-b806-80edca57c54f
401.54,2023-08-24,409.079,401.4,408.6,3458791,c4b82eb9-d7eb-48a8-a178-2b20db0ab33f
406.95,2023-08-23,407.67,403.47,403.56,3249964,c3a1e39b-60e8-42b4-bff0-ffa814854afe
402.61,2023-08-22,405.4,402.06,405.35,2648051,5bd82e25-e0d0-46f4-a7c3-eddd195f6d5f
403.74,2023-08-21,404.39,399.99,402.14,3292434,d3cd30d0-cb1c-4dcb-820e-3597520e118c
401.09,2023-08-18,402.02,397.85,398.17,4157667,c2f83575-df6d-4864-8b45-c80e6ede4aaf
400.72,2023-08-17,405.58,400.37,405.33,7102504,7997274b-cbe9-4658-b583-2ab98b11f5a1
403.99,2023-08-16,408.11,403.87,406.59,3353653,56b60ce1-91ea-4406-9006-05fad52cea90
407.0,2023-08-15,411.7125,406.41,410.09,4686119,9a135852-13b8-4d46-b72c-dc9060ff2eef
411.72,2023-08-14,411.74,408.31,408.56,2772912,31fd8e4e-bae0-454f-8f65-df9a361099c1
409.41,2023-08-11,410.41,407.34,407.95,2918862,70cc864b-92b6-449a-9b66-1b45b7c4ad30
409.79,2023-08-10,415.05,408.62,411.8,4588326,57022b14-ea7c-4976-bb07-0299ad9c4524
409.55,2023-08-09,412.73,408.85,412.66,3145934,aa8c0b1a-7576-4b1f-9f9d-82e75dda8af3
412.29,2023-08-08,412.74,409.125,411.76,3780086,3a4f37c5-a5ab-4656-8722-5f40688a518a
414.08,2023-08-07,414.24,411.64,412.29,2597977,f27d9c9a-c195-47a5-834a-fcc45a4102d3
410.38,2023-08-04,416.1285,410.03,414.15,5717266,6d1c39c1-6d88-4bcb-b66f-abca7af385d5
412.4,2023-08-03,414.19,411.09,411.68,3028199,f468e394-6482-4eb1-8ead-579c50b9feea
413.57,2023-08-02,416.7,412.88,416.46,4979068,e840fb9c-6d7e-4376-8aa8-504d6b194969
419.38,2023-08-01,420.08,418.55,419.26,3137275,5349dd0a-8593-4fb8-935a-1685e4901e61
420.68,2023-07-31,420.97,419.05,420.32,3454537,105c22cc-ff55-4de7-95a7-5f58e1d617ce
419.87,2023-07-28,420.62,418.16,418.93,2702729,2a40cf8b-a1d0-495f-9d24-a9f764af4c9a
415.82,2023-07-27,422.15,414.92,421.79,4149443,8d57d6eb-5c15-4cb4-a2d4-02fc916be358
418.66,2023-07-26,419.89,416.58,417.62,6138837,343ecd75-51c0-4a39-96a6-b807b6957835
418.56,2023-07-25,419.65,417.0674,417.08,3949308,c08c63ba-d036-4636-821d-cdd7132bd472
417.33,2023-07-24,418.1,416.015,416.58,3471126,6236dd8b-6f0a-4545-9130-b71af078538d
415.57,2023-07-21,417.3,415.48,417.11,3176713,df52c698-f88a-42fc-b7a1-8485f424cdb3
415.52,2023-07-20,418.16,414.82,417.3,4084997,8d3b0ee6-135c-407f-b0b3-8ddf49f20802
418.25,2023-07-19,419.37,417.49,418.07,3494916,f044f255-ec6e-4b24-a188-73386dda07ce
417.35,2023-07-18,417.93,413.54,413.91,3597284,06d56e25-68ec-447f-9cb4-d09bc7625f7a
414.21,2023-07-17,415.2495,412.63,412.65,2968267,c1d5fe14-750e-4813-ba80-4e8c6521a76b
412.77,2023-07-14,414.71,412.08,413.94,3680945,98e3da5b-5a9e-4884-9bb9-666b69a503e4
413.1,2023-07-13,413.81,411.13,411.54,3273427,a7cb8140-4896-4834-8e69-ad53a40313ac
409.76,2023-07-12,411.13,408.79,410.19,4246359,5d472781-7feb-478d-b52f-69995239c9f2
406.56,2023-07-11,407.0,403.77,404.77,3181871,9f65d682-1a85-4d49-8af1-7c513a71c938
403.97,2023-07-10,404.11,402.06,402.63,3362277,74a276df-1927-450d-84e9-12d69fd4e32d
402.89,2023-07-07,406.679,402.71,403.03,3673249,b9fbfc85-c1af-417d-b13d-7f5294ce2cd6
403.83,2023-07-06,404.35,401.56,403.78,6040271,2d6d8536-3655-4174-81ba-d13e5584850d
407.15,2023-07-05,407.84,406.01,406.01,4234124,ce8c5cea-7b83-4383-af24-9bda110ab217
408.06,2023-07-03,408.06,406.68,406.92,2372019,464292b9-bf53-4046-90ae-f6943a093d02
407.28,2023-06-30,408.22,405.29,405.4,5173692,47494edb-e91a-41b2-b98c-c17b89c1d7a0
402.51,2023-06-29,402.67,400.19,400.6,3914849,71a5b958-35ea-41d5-ab67-b4a8470a0102
402.55,2023-06-28,403.485,400.71,401.35,4320672,2369fed1-0214-4edb-88bb-ffc9eac925c7
402.37,2023-06-27,402.93,398.39,398.8,4302361,7aded365-78d0-4251-8b58-5e8919c76345
397.96,2023-06-26,400.86,397.73,399.04,3250700,0ceb1a37-85a0-4044-8c7b-b42b429bf343
399.61,2023-06-23,401.28,398.93,399.33,4215307,83c3f7ba-5d3e-42db-8640-7d5b0e2a4ba9
402.63,2023-06-22,402.72,399.95,400.28,3141021,f8bc2304-fdbb-4922-84f6-8742df5b2049
401.17,2023-06-21,403.06,400.67,402.31,3423543,2191e56a-777c-4aaa-b4c9-896cb0e44089
403.38,2023-06-20,404.32,401.26,403.49,4246881,1bc74c4c-a88a-463b-a2d4-faa80eafe6f1
405.25,2023-06-16,408.76,404.89,408.69,5141885,59e7fdb5-4bac-44ec-82fd-6336bb9da734
406.75,2023-06-15,407.93,400.89,401.0,5284984,5e43fada-5f51-49de-8665-9cba973c7d28
401.6,2023-06-14,403.436,398.46,401.61,5161278,c60673fd-0cbb-4f1e-b837-ff6249134f8c
401.29,2023-06-13,401.85,399.4,400.019,3913085,faccf915-a168-44aa-aa8a-605eac29840f
398.66,2023-06-12,398.685,395.3,395.98,3797245,bea4e1da-7979-4802-a63f-ef1d5c3e85eb
395.03,2023-06-09,396.93,394.08,395.05,3062868,5d70dd04-f9ca-4505-9401-4a77bfa9e2b1
394.37,2023-06-08,394.73,391.29,391.96,3460351,d5bb045b-4f95-4397-80b7-e790f89a580e
392.02,2023-06-07,394.76,391.54,393.67,3942893,53f1c4b8-377e-4bce-8600-70f0bd16ddc3
393.31,2023-06-06,393.79,391.41,392.05,2894663,0c9d63c2-ff95-4305-8843-b466b2a54ea4
392.5,2023-06-05,394.77,391.79,393.54,3481154,607d42f0-c2aa-4a0b-b162-4462362078e6
393.26,2023-06-02,393.96,389.54,390.08,7368902,3dd2850e-e337-4e6f-a091-db8750632d14
387.57,2023-06-01,388.57,382.97,384.2,3563555,9e823106-bc70-4ac0-8e01-1d42aa59cdd0
383.89,2023-05-31,385.16,382.42,384.31,4205348,7a47d0f6-58ec-4def-b0c6-ca388c775c36
385.99,2023-05-30,388.26,384.76,387.76,3968451,a2eb6432-c1d9-4c49-899f-077cb5e22fc4
385.87,2023-05-26,386.57,381.535,381.64,3042792,baf3c43b-30ae-43fe-b3c1-7f4a4dbd4571
380.92,2023-05-25,382.28,378.92,380.99,3315872,aa0eaa53-eec7-44c5-b1cf-0a6283c1b2c9
377.63,2023-05-24,379.25,376.57,378.91,3611592,9a471b57-1cfc-406a-b53e-a47e0f1a4e3e
380.48,2023-05-23,384.11,380.08,383.19,2887264,ea9c52dc-cc9a-471d-afdf-08327a2028ea
384.78,2023-05-22,386.23,383.47,384.66,2784012,8697f276-7968-430b-814c-32ec9044bae8
384.57,2023-05-19,386.54,383.44,386.02,3649043,7d236277-8141-4200-8e21-460a6f959907
385.18,2023-05-18,385.57,381.0,381.26,3340620,c8b2c217-ad0f-40e0-8a9f-6fe9f7ed6f5b
381.45,2023-05-17,382.09,377.28,378.85,3222645,44818cd6-67d9-42d0-b965-ff50282c57c8
376.95,2023-05-16,379.28,376.91,378.39,2277616,058d6443-c9ee-46cf-a15b-a44e947a36d6
379.46,2023-05-15,379.84,376.91,378.74,3882561,ce45ffd4-4e4b-4d41-a86c-dc27bc6b3ab1
378.15,2023-05-12,380.01,375.835,379.85,2531015,11258160-262a-4d55-846b-deb1fe7ce3c0
378.66,2023-05-11,378.88,376.67,378.47,2676622,69a6723d-bf0c-4604-b318-be891c807c14
379.19,2023-05-10,380.83,375.64,380.28,3512947,21254407-3e04-4bf4-9533-1c68914a97c7
377.54,2023-05-09,378.58,377.33,377.71,2271049,1f83f319-73c6-4d15-8b14-4cfaf98a8d88
379.18,2023-05-08,379.62,377.88,379.41,2957618,8b8cb827-b1ce-4f13-a029-86b78009691f
378.97,2023-05-05,380.09,375.43,375.74,3139394,aea0aea2-cdc0-4865-9870-066e526c27aa
372.14,2023-05-04,374.11,370.92,373.84,4421484,953791e6-d1d1-4670-a334-e8823f0c9347
374.88,2023-05-03,380.2,374.6,377.91,5513039,932a9109-371b-4d44-9181-4a7b97a5c4f2
377.51,2023-05-02,381.11,374.67,381.06,4311590,73f28837-90e5-41b5-bcaa-daaeeee5edbc
381.79,2023-05-01,383.64,381.52,381.73,3069297,ec15f970-3ac3-4ccd-b1d0-50ccac3787de
382.05,2023-04-28,382.12,378.0,378.04,3386907,23ab4d98-199b-47f2-acb5-b12400120d88
378.81,2023-04-27,379.13,373.67,373.89,4302377,8e285763-7880-4ba6-8aa6-1723979425fa
371.44,2023-04-26,374.68,370.98,373.66,3766896,24a57e3a-b829-4e27-bd97-14ff1a141ad7
373.1,2023-04-25,377.7,373.02,377.18,3795428,a061da31-2351-4c03-9d09-0e215c8ac275
379.09,2023-04-24,379.47,377.23,378.48,2310373,948c3e69-8b5f-4d28-9ebc-e23df337aec6
378.59,2023-04-21,379.1,376.82,378.68,2762306,4ff0f6ab-64e6-47b9-ab25-498ac39cc672
378.37,2023-04-20,380.07,376.94,377.78,2953173,e62f358e-5d0b-447a-aaf8-9a40c77e6f0a
380.52,2023-04-19,381.33,378.67,378.73,2671311,0b271a53-3cf3-419e-94ce-1003825c85a0
380.54,2023-04-18,381.915,379.24,381.84,3019268,8f4fdf8d-9077-48d4-8773-9e10957d33a2
380.28,2023-04-17,380.32,377.68,378.84,2721004,5f07c626-2e89-4542-a98e-16c9e787630d
378.99,2023-04-14,381.33,376.72,379.27,2981653,4a1cc739-98c5-43a9-a27a-5cd0459bd787
379.77,2023-04-13,380.17,375.4448,375.91,2680870,50226a86-96d1-4f12-927e-fa0af40420ea
374.91,2023-04-12,378.62,374.32,378.4,3624173,84f60834-4f27-43f6-8fd8-406f82745572
376.41,2023-04-11,377.76,375.69,376.9,3069001,43107528-6fc5-41ec-bb89-aaa2d9179e1b
376.36,2023-04-10,376.39,372.96,373.55,2671117,fdfbcf10-d9dc-4eb1-bb91-7c65d0c9dfda
375.95,2023-04-06,376.185,372.72,373.67,3076223,a2186064-d0ad-41e3-8bdc-9e788ed35f5a
374.52,2023-04-05,375.42,372.89,374.71,3227735,1d1ef298-e585-4b39-bd28-3db74dfde9ae
375.43,2023-04-04,378.4,374.13,378.19,2713278,32369d94-c186-43a4-be45-7153c014812e
377.56,2023-04-03,377.91,375.22,375.6,3525296,b3ec8977-0b10-439b-94a5-4912418ca2fc
376.07,2023-03-31,376.34,371.65,371.78,4159844,1288c74a-4ee8-464f-a9a5-b05bca2fb28b
370.89,2023-03-30,371.48,369.102,371.23,3316742,7f926e39-49b7-4fef-a8b2-5d7d4af2606f
368.69,2023-03-29,368.94,366.29,367.4,3636069,7a092bf6-4ded-4685-b880-ba99b3468eca
363.52,2023-03-28,364.2,361.682,363.54,2413653,fab6fe59-2405-4e09-868c-e2dba95acb63
364.16,2023-03-27,366.43,363.4,365.725,4144795,7fbf0f9f-0447-4814-b44e-d9d024cbe873
363.56,2023-03-24,363.63,357.72,359.98,3740941,cb9b90cc-a22d-44a0-9dcb-929c25162ac8
362.64,2023-03-23,368.286,360.12,364.48,4787193,1c8aa423-bf4c-4b0a-af64-09350634c656
361.78,2023-03-22,371.219,361.66,367.78,4094840,318006fb-31a8-41f9-a281-ea165abb3a1a
367.88,2023-03-21,368.41,364.88,366.42,4117629,ff30ee7a-6c89-4e46-a3e0-c631ef5a2ff0
363.13,2023-03-20,363.58,359.82,360.47,3099753,58bef725-db54-4269-8e91-781814171e8d
359.88,2023-03-17,363.79,358.4201,362.76,5189907,525a652c-b452-4972-babb-4494f92b0e2f
363.86,2023-03-16,364.26,354.99,355.54,5049842,e90c7125-6ece-4ebf-9fc2-af0707cbfd25
357.74,2023-03-15,357.88,352.565,354.46,6610393,30509e46-1c20-4a26-b10f-006a964f11d2
359.96,2023-03-14,361.51,355.63,358.88,4798811,59fe9386-018f-4e2a-8f51-86a5310f1fd3
354.08,2023-03-13,358.67,349.76,350.76,6478693,5bb2f150-e7bb-401f-9070-60d05fb51407
354.68,2023-03-10,361.24,353.14,359.33,8360402,812cf2c2-7777-420f-a8ba-2f264eed2c69
359.84,2023-03-09,368.88,358.85,367.35,4409629,8ee3cd4f-c3fc-450c-bedf-6eb155908556
366.55,2023-03-08,367.2987,364.44,366.11,2906258,6a2e5617-d1bf-4e17-a2ca-be6126b71518
365.98,2023-03-07,371.89,365.385,371.63,3546141,0379db5e-36ae-4f0d-83b6-16a9a353257f
371.73,2023-03-06,374.44,371.3,372.26,2638325,40c1c0bd-d4ae-4a39-9746-ffa77f6692d1
371.28,2023-03-03,371.67,366.7,367.29,4913599,89dcc951-53cf-47db-817b-74953e582244
365.49,2023-03-02,366.36,360.53,360.81,2730814,b21edbc7-46bc-417b-b21b-57ae45195fad
362.78,2023-03-01,364.51,361.45,363.34,3764724,e1d35b2b-4878-4fc3-9702-e986758695da
364.11,2023-02-28,366.86,364.05,365.01,3022200,01a2e0a0-0721-4c3c-b944-0776d988f7d4
365.49,2023-02-27,368.77,364.5936,367.49,3300148,7ed6c8b1-136d-4208-8ee0-008c1f4728bf
364.23,2023-02-24,365.03,361.73,363.31,4055007,90d05952-f5c3-49ff-a2d0-b303137f6299
368.17,2023-02-23,369.57,364.13,369.07,2867193,2a993b74-440f-4302-8713-30952ca393a8
366.33,2023-02-22,368.6,364.84,367.18,3872004,b5e59f23-72d1-4681-91b9-b72b1b5e97d4
366.79,2023-02-21,371.335,366.48,370.4,3109176,8d7a65c0-a196-4958-95f0-f46d05f34e4e
374.22,2023-02-17,374.45,371.32,373.179,3285327,d8e464af-3ed2-4645-92cf-149ba78c195f
375.19,2023-02-16,379.43,375.09,375.66,3077501,3048cf55-fe31-49c6-a5a4-ade17b06912a
380.48,2023-02-15,380.53,376.33,377.15,2831621,3c9b3679-0c27-40ef-8367-588f13402940
379.21,2023-02-14,381.42,375.45,377.96,4718037,16343f3a-ea47-4327-a97c-616238d7569f
379.35,2023-02-13,379.44,375.2,375.649,2980600,8cf9a3e1-086f-49b9-a7e9-eefd4f40d179
375.02,2023-02-10,375.39,372.2,373.0,3256705,0736702c-feed-4421-8d6b-b4c39b4679ae
374.11,2023-02-09,381.0,372.9486,380.97,3327715,8370cc27-c6bd-4dec-a450-e26e284ad606
377.34,2023-02-08,380.93,376.73,379.69,2921503,d1153ce1-d936-4c09-87b2-c2ae4799aa4a
381.52,2023-02-07,382.7468,374.62,375.79,4504633,af20835f-f00b-4226-aa60-a8045f626f1d
376.66,2023-02-06,377.93,375.02,376.575,2880098,a622461c-0a13-40c9-8bf0-5920233d2ac5
378.85,2023-02-03,383.2,377.79,378.23,6472509,defa7442-0ab0-441b-b0d5-a362738951dd
382.94,2023-02-02,384.41,379.4,381.25,5207926,a8c6a4d8-1738-4350-9c9b-438fb7750f6a
377.53,2023-02-01,380.16,369.76,372.44,4941692,a8ddd23d-5b85-46aa-9eec-35ab9fad396c
373.44,2023-01-31,373.54,368.33,368.61,4181686,d266d83c-78c9-4b5a-a24d-e417aae73fbc
368.21,2023-01-30,372.29,367.86,370.15,3280594,781b34b9-03d0-4943-bbae-6241d4f2dc48
372.87,2023-01-27,375.08,370.76,370.89,5549522,3f748743-2a59-4b3e-84d0-791a81f3ce1c
371.81,2023-01-26,372.06,367.61,370.46,3460934,1f7a95a0-9d61-4339-a919-ec1fb75f944f
367.88,2023-01-25,368.16,361.66,363.78,3061683,06fdd783-375a-4909-b139-9b4f9e06c667
367.75,2023-01-24,368.61,365.42,366.57,2702380,0dd1e871-c28f-4b8d-9c2a-c2e7274f9c74
368.14,2023-01-23,370.0,363.65,364.51,3243283,cd9c860f-8dd1-44b2-b0f1-6f16426a7a15
363.71,2023-01-20,363.91,356.88,358.45,3265062,60e82af6-7106-469c-a081-1c4b7c2764ba
357.14,2023-01-19,359.355,355.85,357.76,3514877,516cf6bc-24b3-4389-88eb-58184aac8a4e
359.73,2023-01-18,367.66,359.58,366.67,3931803,591abc73-5a83-49d2-a506-1e1d8b8ebbc2
365.67,2023-01-17,367.72,364.87,366.19,4942003,218746e9-90b5-4321-a77f-5f6af2dbc3e4
366.23,2023-01-13,366.7297,361.47,361.6807,3015160,73fec4bd-8a88-484e-bd92-6fc2e87da7ec
364.81,2023-01-12,366.15,360.6,364.48,4743460,0418db11-d7f5-404a-8faa-42afc55b87b3
363.45,2023-01-11,363.51,359.66,360.41,5710532,6fd46670-45df-4dfb-9ef6-e27ae08ffddb
358.87,2023-01-10,358.95,354.96,355.84,3495719,e7c4c98d-a239-44a5-a444-fd47bb676f77
356.33,2023-01-09,361.73,356.2214,358.73,3775322,f4b019de-0d85-42a0-90e6-6d57dfceb504
356.59,2023-01-06,357.67,348.7399,351.59,3464777,6e252689-3647-4080-9ec3-91e4db10c926
348.66,2023-01-05,350.8,348.06,350.73,3216538,ea9ce8cd-c5f2-4ebd-933b-84af2f647710
352.51,2023-01-04,354.5635,349.2,352.1,3119087,03ae40cb-a41a-4de0-a720-c0a63cfe6275
349.99,2023-01-03,355.0423,347.19,353.181,4957334,a9ca6d47-ae07-4b36-b6f7-4c3746d9f268
351.34,2022-12-30,351.49,347.7635,349.79,5325447,aeedea2c-8456-4921-b3e3-b7fd409fa339
352.31,2022-12-29,353.125,348.47,348.91,4086575,ff9de39b-95f0-494c-89ad-a64f3e8d6513
346.17,2022-12-28,352.2,345.9,350.42,4464644,4bc50036-8dad-4bf0-9323-ca72731f3c78
350.47,2022-12-27,352.04,348.85,351.76,4303215,213fd34c-578f-4cd7-b66e-3db3ee3885f7
351.87,2022-12-23,351.9479,347.35,348.93,4571981,b1ff628c-c957-4895-8f69-21ab4eddc2ab
349.91,2022-12-22,352.25,344.34,351.98,6462233,4dddcc3c-7970-486d-be3f-28c07aeb3950
354.9,2022-12-21,355.9516,351.7,352.2,3832448,e3217191-45fc-4fd7-a330-bc628dccdc0e
349.67,2022-12-20,351.165,347.208,348.45,5068210,3cd1aa21-670c-4e3f-a958-7ec68bdec264
350.81,2022-12-19,354.34,349.25,354.13,5538489,43aabb27-b46b-401e-ad7a-1faa601ea8f6
353.86,2022-12-16,356.83,351.79,355.649,4533074,e0658c56-4cf6-4948-9bce-0012ead9501a
358.13,2022-12-15,363.24,356.46,362.47,5126752,b1b70ea0-669c-4383-92d5-2e756c055a95
367.16,2022-12-14,372.8,364.25,369.1,4707115,b1e6a76e-ba0a-4c7d-b1ac-94184e73d3eb
369.39,2022-12-13,377.19,366.801,377.11,6161825,9b7dab52-8058-4640-ac15-10ee8a3c2916
366.68,2022-12-12,366.68,361.58,362.28,2946216,fd560ef9-02e6-423d-b574-808e88330703
361.52,2022-12-09,365.4402,361.3403,363.0,4271355,c00d827d-8e23-4ced-b5b8-49a1c553194d
364.18,2022-12-08,365.15,361.6,363.13,3604516,f104382e-4f23-474c-a964-a11a8ef3bb9a
361.33,2022-12-07,363.61,360.31,361.05,3337977,bc439890-bbee-4372-80e3-6e6ccd5b4645
362.03,2022-12-06,367.61,359.931,367.09,3911040,20978761-dd33-40b3-b5ef-ac1655cce20f
367.34,2022-12-05,372.19,365.99,371.28,3706993,2485dc7f-1aa8-4a60-9838-bb093035eb66
374.0,2022-12-02,374.88,369.66,369.66,3595984,a9f76bce-9f57-49e8-bde8-be1d557f994d
374.54,2022-12-01,377.0,372.05,375.87,4608628,b01a0c02-0dc8-4383-8caf-d11a7ccfdf87
374.49,2022-11-30,374.59,361.65,363.45,4748832,5f9f51d6-5818-48eb-abc9-ef417f4e7d05
363.31,2022-11-29,365.18,361.48,363.93,2507770,94897146-3dd3-4ee6-9adc-1242c391a811
363.95,2022-11-28,368.38,363.15,366.86,3557001,763ce9a5-829a-4670-bfb1-8e1ece043960
369.8,2022-11-25,370.34,369.06,369.39,1423444,349d0d4c-216e-476b-8113-29db6ecdc510
369.84,2022-11-23,370.3599,367.0225,367.21,2590859,c5c8fe72-16d8-4f41-a838-8019f576c6c7
367.54,2022-11-22,367.68,363.21,364.51,2315964,5af6691d-a307-43fa-88aa-7db594bc1f6b
362.71,2022-11-21,363.7386,360.87,362.77,2397875,97f33650-e7c5-46b1-b0b4-781df6f85990
363.99,2022-11-18,365.59,361.23,365.46,2574370,be7a4725-1c7d-4165-8698-8d672be8616d
362.39,2022-11-17,362.99,358.565,358.8,3284424,af53d203-5f49-491b-93bb-2861526e31e0
363.44,2022-11-16,365.52,362.85,364.7,2755123,2336e499-ec52-4bd0-bca3-6ed32a227fe1
366.22,2022-11-15,369.742,362.59,368.65,4597800,8e4fd3d4-69f1-4285-a79d-f237a807a0b9
363.22,2022-11-14,367.79,362.89,364.57,5274312,6af793aa-a79c-4c93-ab99-ceb7388cc742
366.16,2022-11-11,367.02,361.74,363.69,4877385,704cfb38-cdd1-4db0-9f97-be3036bbfe5d
362.69,2022-11-10,363.01,354.41,356.52,4603632,bd3a0070-8be4-47db-a0ca-0d6dac7ade1c
343.87,2022-11-09,350.22,343.3581,349.08,3570793,1f96882f-ee71-49f4-be7e-3f9d0dcb1dda
351.04,2022-11-08,353.87,347.08,350.21,3237196,05fb8b0c-e350-4bec-8cd1-bc32ac72eda8
349.14,2022-11-07,349.71,345.1,347.06,3316597,7d8e76be-7537-4b3d-87b3-68d75c38d80b
345.82,2022-11-04,348.02,340.0,346.41,3655444,7f14d526-58fc-4ebf-996a-02f1481635ce
340.83,2022-11-03,343.81,338.9,341.34,4534774,27c6b6b8-116f-49d8-83f9-1d7b020d781c
344.5,2022-11-02,357.125,344.41,352.78,5022535,8981a86a-aa9f-4193-8646-a3744b471129
353.52,2022-11-01,358.765,352.29,358.53,8014279,3827b489-3ae5-43b2-85cc-bd0004fe07c4
354.95,2022-10-31,356.92,354.05,355.16,6430961,3d2b2575-8747-43ae-b557-1484673b144d
357.38,2022-10-28,357.98,348.95,349.04,4388078,57960b99-7b39-4ec8-bc6c-99fae03cdebe
349.23,2022-10-27,353.79,348.595,352.05,4145263,64d7e0c4-2869-474a-be25-a379437ed422
351.11,2022-10-26,356.17,350.44,350.7,4277708,2e6e4f46-c51f-4745-ae11-f075ba75f814
353.75,2022-10-25,354.03,348.03,348.05,5203396,f035c2ab-9c38-4b5f-bd4d-ab43d6c4e15e
348.09,2022-10-24,349.23,342.87,345.45,5639417,b400635c-b79e-4162-a60d-1f0c9fc51f61
343.9,2022-10-21,344.3905,334.13,335.5,4362430,43041bc4-e3b4-4816-9eac-cfe1003415d8
335.83,2022-10-20,342.42,335.05,338.17,3459059,bafcf55c-6cc2-4315-b90b-b0fc15915515
338.61,2022-10-19,341.67,335.9,339.04,4403233,76b3cda4-3814-42b3-a526-9042fc76b51d
340.97,2022-10-18,345.0,337.765,344.68,4903278,26c4583c-85f5-437b-802c-3345d032b235
337.0,2022-10-17,338.1,334.46,334.57,3889516,3dd3b662-4bf2-43eb-bf1b-8af2b966bbcd
328.65,2022-10-14,340.19,328.025,338.62,4883998,70941837-73b4-4239-86f6-6aab571e55f0
336.22,2022-10-13,337.675,319.87,320.84,6396891,a660d139-1eb2-4bd9-9787-8d4ab7f82a1c
327.64,2022-10-12,330.58,327.44,329.15,3235062,3816d780-a2d3-4679-b149-51d58e4e8753
328.66,2022-10-11,333.56,326.85,329.2,4968108,6d006797-e211-42bc-a44b-67d25750e3d3
330.84,2022-10-10,334.67,328.66,334.47,3933860,09a49581-2ad0-4253-87a9-cd90377ae7c0
333.33,2022-10-07,339.34,331.65,339.08,5168076,1d1693da-57ac-481e-ac43-cc86a18b98c0
342.96,2022-10-06,347.98,342.49,345.18,3879612,fdbeba55-050d-478b-88a8-6e140710ee72
346.61,2022-10-05,348.64,340.86,343.12,4755772,e152c26e-7bd2-450e-9eca-c5a76ff337aa
347.21,2022-10-04,347.33,342.13,342.14,5109957,efcbac57-f4c1-4086-b54b-2244cd531acc
336.98,2022-10-03,338.66,330.1,331.79,5738997,d3e5b284-771b-4fb6-a1f7-a66202ebf73d
328.3,2022-09-30,336.19,328.12,332.57,7736631,f9e8a9cb-ee15-4f66-8634-8fd909165449
333.38,2022-09-29,337.3,330.53,337.15,7230121,deb5d321-7610-4d97-92d4-bd457d53f434
340.48,2022-09-28,342.1,333.18,334.8,8683949,2380aba2-6f1f-4bf9-ad6d-4be056ff25ae
335.39,2022-09-27,341.84,333.08,339.79,5795659,afdcf649-e6d0-4ef7-b4b1-0dc0398754d9
336.34,2022-09-26,341.66,335.07,338.23,5405686,b32b749e-5ad0-47e4-b7e2-b72d6af4c7cf
339.63,2022-09-23,342.08,335.31,342.08,10491490,957c7615-f6e1-4244-b520-79df8786eb3a
345.37,2022-09-22,348.54,344.67,347.55,5555622,1f3e9981-836a-4716-80e4-79304bd24b3f
348.31,2022-09-21,359.3,348.31,356.38,5102402,daa650c5-af17-4156-90b8-4a5cabc12959
354.55,2022-09-20,356.38,351.8332,355.38,3623962,80abe10e-537c-47ea-82c4-9fe9dc177ff0
358.59,2022-09-19,358.59,352.75,352.8,3412645,5e21f189-bb5f-4390-909e-c8f4ad2da6de
355.86,2022-09-16,356.48,352.69,354.56,4452268,4c49a012-b08b-4113-947f-0c9bcf0800cb
358.68,2022-09-15,363.97,357.4,361.16,3807460,4d8a97bc-7fad-4740-9162-bd8d21bb84bf
362.73,2022-09-14,364.17,359.53,362.58,3555510,a64f2332-9760-4db2-b8b0-e3dc95ff3176
361.38,2022-09-13,370.53,360.2801,369.34,5549174,bada075c-3c90-49e2-9d55-f7a65751b07e
377.86,2022-09-12,378.51,375.51,375.82,2961354,b12595ae-fe58-4181-b643-a7e579cce7c9
373.75,2022-09-09,374.61,369.98,370.24,2621561,613cc54a-5a68-4e15-990c-6bda2f0867cc
368.07,2022-09-08,368.48,362.27,363.375,3692037,68f8eb46-27a5-4db5-a784-e30f77e14dca
365.68,2022-09-07,366.375,358.6904,358.86,4136951,78c5728e-9227-4177-8f5f-7a3fafc1c1f4
359.24,2022-09-06,362.28,357.0,361.36,5680313,4cb38731-6d11-43e9-97ad-6eb6d1a9eb4b
360.45,2022-09-02,369.13,358.78,367.95,4544223,d2d441db-690a-4cc1-a6d9-12220efc26ad
364.27,2022-09-01,364.7,358.51,361.1,6126838,a69a3978-b640-40b6-8e70-249cedc2c3cd
363.15,2022-08-31,368.79,363.11,367.61,4062539,639d4558-67c8-4f3d-93b9-b2f2c0fb62e7
366.03,2022-08-30,371.445,364.02,371.3,5044536,ceba5803-91cf-42e6-b44f-762360c9c41a
370.05,2022-08-29,373.05,368.78,369.77,4953159,4170627b-d76d-497f-9d99-d85219013345
372.51,2022-08-26,386.05,372.51,385.55,5153160,8e15c2aa-598a-4e63-85e2-4786c29e685c
385.73,2022-08-25,385.73,380.7,381.76,2631290,912f88ac-0eea-4edc-afcc-ef51cab9b881
380.19,2022-08-24,381.58,378.18,378.9,2241245,aa23f76a-e681-4875-9d0b-a006e8125049
379.04,2022-08-23,381.87,378.5233,379.56,2869184,056fe1ec-8e06-4bae-b15f-8f9dbb143bd5
379.94,2022-08-22,383.54,379.09,383.43,4153718,b0557bc7-062a-4fde-bc3f-e68ac1b39d6c
388.12,2022-08-19,390.95,387.25,390.7,2899030,6b7880bf-b3f1-40c1-b26a-8c7f3cc32cc0
393.55,2022-08-18,394.02,391.17,392.42,3258081,bb4395ea-08ec-4687-936f-badf2e63cd4f
392.34,2022-08-17,394.85,390.2931,391.56,3222325,20908991-3e45-415f-b70d-c2c3c4a2efd5
395.04,2022-08-16,396.89,392.44,393.24,3864849,42fbb3cf-d479-4ee7-813e-0a5c4b619096
394.35,2022-08-15,394.76,390.46,390.49,3203933,ee79d249-d229-4a35-8b17-3220b85ed086
392.67,2022-08-12,392.72,387.09,387.95,3664357,43806419-c7f2-453e-9016-ba73bcf36384
386.06,2022-08-11,390.65,385.4,388.87,3575370,0575c399-cac3-4b7c-b192-bf27a348c3f0
386.06,2022-08-10,386.23,383.1,384.99,3650992,7bc52da7-1e27-411c-a3bf-8831058fb78c
378.14,2022-08-09,379.41,377.1,379.02,2360524,67f04e09-1c11-4f14-b794-4266ed5e52a9
379.64,2022-08-08,383.9068,378.57,381.78,3455348,35c4af70-2679-4377-b728-e570b3405d31
379.98,2022-08-05,380.7,376.54,376.65,2852090,0f911ca2-e8b2-4364-8d46-b777f47efc3d
380.77,2022-08-04,381.53,379.19,380.88,3410631,1c46e57b-d0a6-41fc-9ada-592dfc528c9d
381.07,2022-08-03,382.1,376.91,377.19,3854779,5ec26b05-8405-47c1-96ff-8a8afa8e2a10
375.21,2022-08-02,379.627,373.95,376.11,4132588,d8b5ca42-c3dc-44ec-ade0-c0229baa676a
377.65,2022-08-01,380.01,375.44,376.12,4421369,f103da2e-3bbe-4286-a5fb-f91121ce849b
378.79,2022-07-29,379.66,373.93,374.73,5246413,379c100b-df01-49ae-8f52-9493c8a5dcae
373.32,2022-07-28,373.91,365.98,369.42,4345335,6540a0ed-6cf0-4380-810a-25d6bca188d1
368.66,2022-07-27,370.33,362.2205,362.49,4500264,bc25bd62-603d-487e-9d80-7d3624861d39
359.25,2022-07-26,362.21,358.4501,362.12,2987190,2a217076-4cf6-4711-b593-c90fe4d8221f
363.61,2022-07-25,364.44,361.45,363.84,3902230,7108488a-8e1f-4f90-aa81-c1c451f9d4f6
363.25,2022-07-22,367.84,361.01,366.69,4533862,67e016bd-a51d-4c56-ae27-1537774929fd
366.59,2022-07-21,366.62,360.01,362.36,4603979,b0df9d8a-3f1a-40de-92ae-98d18809e46b
362.92,2022-07-20,364.2399,359.45,360.7,4270636,84aa71d2-0c99-4e7b-8cb2-1f0c7e4b28d6
360.61,2022-07-19,361.09,354.25,354.95,3620152,02f802d9-0cf3-47ae-a5f0-8ec143b63652
351.08,2022-07-18,357.62,349.92,356.97,3544880,49342275-9ce4-4d76-8bd4-ffea54206a23
354.01,2022-07-15,354.11,349.8,351.73,4520475,d96c6791-ead2-4882-b585-ca0335006ae6
347.44,2022-07-14,347.95,341.045,343.41,4624840,f6a670b9-0b94-4df9-af1e-6c5e8c7614dc
348.36,2022-07-13,351.0,344.37,344.74,5603536,9d9ffe7e-8310-4d09-9614-201dc54ebbd7
349.99,2022-07-12,354.9,348.38,352.6,4080271,a97daef5-eef5-4126-a899-0e89a527c0f4
353.25,2022-07-11,355.57,352.51,354.84,3491695,afa369b0-bfa2-47a6-80fb-b76a5c2834d7
357.29,2022-07-08,359.05,354.471,355.906,4791341,19ecc7c2-04f5-41e2-bb4a-f11c46c483b1
357.5,2022-07-07,358.3,354.0,354.01,3737478,e65c01ae-5bf6-4d04-abfe-d384aaff041f
352.33,2022-07-06,354.68,348.93,351.23,5450928,cd2295c5-f5a2-4868-af16-01553b71a720
351.06,2022-07-05,351.1,342.78,345.48,6180564,fba885d6-0938-47d1-bae9-f33fbae8e9c6
350.44,2022-07-01,350.83,343.59,346.16,7481480,55ddf554-0b2c-4fbe-9347-fc6f83c917f7
346.88,2022-06-30,349.84,342.45,345.88,7159599,e7b982d9-f7e5-41f3-87b3-cb0d66792b16
349.64,2022-06-29,351.36,347.81,350.43,3775861,8631141c-3d70-46a7-8ace-08ee89ddab88
350.9,2022-06-28,362.835,350.9,360.08,8801780,4a7fc049-c761-4b1b-ade6-0f1ac045066c
358.65,2022-06-27,361.15,357.57,361.0,4608590,7eef5dd2-a593-4870-af63-dd75bfb47e66
360.0,2022-06-24,360.02,351.97,352.03,5458559,b50bfac7-2735-4817-a6bc-182547cdd5fc
349.13,2022-06-23,349.61,344.14,347.63,6708774,3e2d3929-7353-4005-835d-b6dec447274e
345.5,2022-06-22,349.51,341.6348,342.08,4876060,1c4c34e2-c849-4a7b-985a-bbb904c79056
346.23,2022-06-21,347.5,343.11,343.19,5628348,8b2c4c59-2957-4be3-bc70-a187f8e10586
337.95,2022-06-17,340.87,334.24,337.31,7083981,29b78a03-7135-486d-b6cf-00e3852da14d
337.07,2022-06-16,340.84,334.57,340.48,8821869,ebcb50a5-f4f2-4146-8f70-4059e86ca0b4
348.52,2022-06-15,352.84,341.97,346.82,7887624,e9c5b966-fea9-4cbf-806a-07ee6b602355
343.6,2022-06-14,347.32,340.57,346.37,7584190,35ed3806-5617-4747-8ed4-3e76aef8a31e
344.46,2022-06-13,350.8353,343.06,349.11,10399710,09e6b0c6-0bd4-41c4-8786-bef37746e25b
358.27,2022-06-10,363.69,358.23,362.93,7629693,2ec4c73f-15d2-4e8a-992b-52de4f14c981
369.1,2022-06-09,378.44,369.02,376.24,3021979,bef3fa5c-d621-410b-aee7-09211fe17b68
377.99,2022-06-08,382.23,377.26,380.5,3436443,b7e3baa2-57bd-4c4f-a00f-3d36598eb8f2
382.17,2022-06-07,382.61,374.71,375.16,2649857,ccfdbe6e-14f1-459e-86ae-ac0b7f1ba7f1
378.47,2022-06-06,382.96,377.41,381.33,2659482,750c19dd-440b-4290-a5e4-9d9eaa424a9b
377.44,2022-06-03,380.6,376.48,379.11,2749538,572cd481-4fe2-419a-9139-1d824f78ed8c
383.65,2022-06-02,383.74,374.2,376.41,3273721,a68ff9c0-5f55-42cf-aaf4-d168ac5dfc52
376.5,2022-06-01,382.64,374.1,381.61,4245818,19415ea0-54df-4b80-a437-434d9a47b5aa
379.68,2022-05-31,382.85,376.92,380.23,5016514,7800302b-b38d-47ca-b146-f6b89dfeae79
381.8,2022-05-27,381.86,374.8,374.94,3911790,0786c1ec-a415-422b-9394-61af18f5a009
372.46,2022-05-26,374.13,366.27,366.445,4248253,a0fc21e0-d8d9-47fe-a278-1db33a55e791
365.2,2022-05-25,367.16,360.27,360.54,5704600,d26be85e-ed79-4688-90f4-201126e2e156
362.18,2022-05-24,363.21,355.7,360.85,5567301,5b350d5e-5353-4fbe-9db8-eb60d5f9cb9c
364.81,2022-05-23,365.57,358.85,361.09,5254915,ae54399d-8abf-4903-9a3e-d76446f8fde3
358.02,2022-05-20,361.95,349.76,361.41,8755856,d2e1731b-6cda-4f87-9807-a061e35c6c9a
357.93,2022-05-19,362.23,355.85,357.17,6359477,aa78dd3e-9eb1-459f-9194-2d0104d565c8
360.34,2022-05-18,371.16,359.0,370.98,6883570,940d0a98-24f3-4810-a1a8-3d9962fa2b07
375.2,2022-05-17,375.56,370.08,373.66,4513309,1efdf702-5e61-4c08-ae9f-9f162fd35ef3
367.84,2022-05-16,371.35,365.45,367.71,4719840,68f5d07b-856c-4942-ba1b-9f25905930d9
369.16,2022-05-13,370.58,363.6416,364.73,5377437,194160b3-e96f-47e1-9a08-c26fb60c8f63
360.65,2022-05-12,363.75,354.02,357.835,7679237,8a1adf3c-8eaf-4edd-9afe-457aa4176f80
360.93,2022-05-11,371.36,360.27,365.97,8026944,48f91450-3819-44fa-87c9-1e735838f2c8
366.84,2022-05-10,373.22,362.91,371.9,7870750,26f4bbf8-4960-4b0b-b16c-e34b549e3750
365.9,2022-05-09,373.56,364.5,372.36,10793230,36e3d001-2138-4368-8bee-a0e02df66e5c
378.1,2022-05-06,381.28,372.95,378.01,7959647,81f95861-9d62-46b1-8595-eaace952ee32
380.49,2022-05-05,390.31,376.35,390.22,10477250,9c082b03-7476-4b8c-88ad-573b82b5fbe6
394.34,2022-05-04,394.925,380.28,383.35,7367547,3fc8f87f-d4cd-49ff-8af6-3c66af00b378
382.73,2022-05-03,385.0556,380.0,381.62,5607696,4aec152e-d8af-4a56-a92b-086d7642da2e
381.08,2022-05-02,382.27,372.33,378.79,10737020,ad408f0d-bca3-4a4e-9680-c5e20c6d80bc
378.7,2022-04-29,391.45,378.0,389.42,8221944,7b099cf3-cac0-455d-b914-2802e031c79e
393.14,2022-04-28,394.9,383.87,388.23,7036192,978d6550-8c01-4d13-adf1-bff1682f62a6
383.53,2022-04-27,388.75,381.5,383.5,6415702,85386a0b-024e-4dd6-bee6-b9d06b6eeb2a
382.54,2022-04-26,391.59,382.44,391.4,8492984,6944c0ea-c771-4b74-bd73-8c1b1133ed07
393.8,2022-04-25,394.0584,385.0,389.42,8141182,b9723297-1dd9-448f-9d75-64eabb22c5a0
391.66,2022-04-22,401.885,391.1,401.67,6326437,1267de0d-eb10-47eb-8951-c7eae90a2f61
402.65,2022-04-21,413.68,401.8,412.38,4670153,05dde8eb-bdf5-40d5-8c3b-e0aa5df0714d
408.71,2022-04-20,411.39,407.67,410.82,5067144,8968042f-3223-41ae-972b-24eea7199c0c
409.02,2022-04-19,409.77,402.36,402.58,3841510,16630f5f-2779-40ee-9def-394a1c67a73e
402.59,2022-04-18,404.22,400.44,401.55,4305868,8400e02d-675d-49c7-88e1-7b71f43acbbe
402.52,2022-04-14,408.78,402.34,407.72,3735679,4a72b027-6a50-4912-b5b4-d94d777b3709
407.47,2022-04-13,408.2,402.48,402.57,4358710,28c459be-b7ef-4b73-8b5e-1d8a09c936e7
402.92,2022-04-12,409.71,401.37,407.33,6615813,caf5d478-f9ce-4402-8e87-d8e3eb1513c5
404.4,2022-04-11,409.0592,403.925,408.5,3342784,77238f2e-c191-4487-842c-3b4f508b7cae
411.53,2022-04-08,414.22,409.98,411.85,4752812,5f6bd0e0-2877-4d28-a343-1a61de4290c7
412.53,2022-04-07,414.3,407.74,409.6,4954053,d9d5d6e2-ef76-4a89-9f63-ee839b53c610
410.46,2022-04-06,412.66,407.64,410.76,5540716,5d5622d2-6cad-4925-8eee-81c115cf28a6
414.66,2022-04-05,420.82,413.5,418.56,4112033,be2000a5-5ab5-4843-b624-d16a08fde84a
419.85,2022-04-04,419.96,415.72,416.45,5117208,7da51603-c7dc-4dcb-be6e-b340ad622bf0
416.32,2022-04-01,416.818,412.87,416.68,4663067,5c628629-9b70-4cb5-aa46-643ea45f4fac
415.17,2022-03-31,421.67,415.05,420.97,5876639,767c33c3-6bdb-4f36-a25c-0d6cdde97a3d
421.65,2022-03-30,424.01,419.59,423.26,4794334,c0c4ec7e-ce3d-4566-b0c4-a2d5e7711444
424.29,2022-03-29,424.72,420.25,422.96,5510554,323db67e-3de8-425f-9c16-461f7edfd672
418.99,2022-03-28,419.05,413.69,415.5,3395334,c393ee69-f4c2-49a2-8cf3-ed2f72ad3fec
416.12,2022-03-25,416.3581,412.205,414.79,3643255,3f79594d-0c4b-48fc-ba63-ec286867aaa5
414.02,2022-03-24,414.1,408.81,409.89,2977317,d026a8dd-1b27-4bad-ab34-53473947eaf9
409.33,2022-03-23,413.62,409.29,412.16,3742563,bd25dfde-2e55-4683-b6ed-c1f0f25b33c5
414.67,2022-03-22,415.52,411.2,411.2,4231715,05091399-87da-4e69-bc9a-27f96fc5bff6
409.91,2022-03-21,411.75,406.43,409.84,4159492,703a808e-295e-4986-8612-4dbaf659e38e
409.89,2022-03-18,410.28,403.24,403.98,5874983,f5a80515-2717-4b3e-8d35-9759679d1739
405.41,2022-03-17,405.56,398.3,398.64,5177527,671a6808-b2b7-44b3-8eb6-ca4f191e2066
400.51,2022-03-16,400.55,390.55,395.5,7407331,b4f00ddf-5069-4d8a-8a4b-05b0b14927c3
391.75,2022-03-15,392.37,384.63,385.86,5739361,80283614-df09-4852-9326-e39820061d1b
383.34,2022-03-14,390.268,382.25,387.07,6454976,cbfb81dc-3883-49c9-8a94-968c8227216b
386.16,2022-03-11,394.1899,385.68,393.62,5872799,4547d004-a994-4ec6-ac3c-9205f596b776
391.15,2022-03-10,392.01,386.53,388.44,6394788,f05ae4eb-1332-45c5-b638-b2705f32deca
392.9,2022-03-09,394.85,388.72,390.88,5812598,3bcca8cc-b37e-485a-bbe8-4badf277e0b6
382.7,2022-03-08,392.74,381.64,385.76,9356075,b50496bc-1b30-4d21-9383-a4250c2592aa
385.61,2022-03-07,397.0,385.56,396.73,8411483,cba70a32-ad04-4134-85b2-7b2d4030670e
397.34,2022-03-04,398.4264,393.37,396.93,6322478,cfec3c66-f619-413c-bedc-c46a19a34949
400.58,2022-03-03,405.54,398.88,405.02,8745268,4d179ef0-b393-456c-8c31-39e65d81c855
402.6,2022-03-02,404.1,396.78,397.72,8185168,df0b92a8-fea6-49d2-adca-d85d67b3daba
395.34,2022-03-01,401.92,392.79,400.01,9124412,31c3cebd-e67f-4838-af35-43a129ae74b9
401.36,2022-02-28,402.85,396.0,397.18,11855940,f1539d88-c8b3-47c7-926c-fe1a12eef3bd
402.37,2022-02-25,402.52,393.3955,394.95,11665230,ebf979e6-89ea-4609-b173-7a0b59cf233e
393.77,2022-02-24,394.17,377.5,377.76,21277220,6ae2d057-af69-4c2f-afca-2fbbc0746d6b
387.81,2022-02-23,398.32,387.38,397.74,12154860,5b10638f-0a32-495f-8bc9-8f42fb21b675
394.92,2022-02-22,400.37,391.505,397.05,10414740,9ca3b1a9-11a4-4a0e-8486-4e88e02ea76c
399.29,2022-02-18,403.31,397.0,402.15,10570830,0bb0ca34-11e3-4fde-85ff-98eea302c2bd
401.86,2022-02-17,407.98,401.23,407.49,7540991,f65b3bd5-dd8d-4096-ad3e-b8ec1049d13a
410.59,2022-02-16,411.89,406.32,408.2,7743764,4c224a93-b968-49c2-8842-7a55cfaa2bec
410.1,2022-02-15,410.29,407.46,408.18,6822294,acc3a2d7-c3e3-43ec-af46-b9a557041fdf
403.62,2022-02-14,405.99,400.24,404.43,10167580,cb1e02da-30d8-404b-ae55-67999f53c626
404.94,2022-02-11,415.2,403.57,413.15,10458590,af278647-504b-40ee-8ace-9ba1101aad3f
413.18,2022-02-10,420.8,411.14,414.93,9260462,8e5eac6b-66c9-4da3-b471-be3cc4320185
420.57,2022-02-09,420.87,418.345,418.55,6284459,aba3e40c-1ba2-47fc-9ffa-1dd046f94d42
414.49,2022-02-08,415.46,409.35,410.72,5565685,3701ee02-aec0-4145-a424-08542af67db9
411.16,2022-02-07,414.62,409.9,413.23,5620912,87d7d987-0319-47d6-8860-d870e3badac5
412.52,2022-02-04,416.24,408.06,410.34,8210024,7a4f91c4-39e5-448e-b865-66421a32a0d9
410.59,2022-02-03,416.43,409.79,414.59,7658271,7ec1182a-d8e5-4c52-8af4-98745f650934
420.36,2022-02-02,421.18,416.54,418.98,6726476,2bc5dc01-199d-4248-ae89-6b00a177dee9
416.39,2022-02-01,417.04,410.9,414.34,8154891,e12beacb-d8d1-4c53-927d-8b5baf3f6ff9
413.69,2022-01-31,413.97,404.35,405.67,9200435,a4c04949-b196-4442-9c52-3bf921b89c61
406.26,2022-01-28,406.33,393.3,397.82,12096810,c1110ffe-75cf-4623-9571-1c037eea623b
396.54,2022-01-27,405.97,394.82,402.93,12455230,74ec8ca1-66ad-4149-be4e-dbc5a2b6f26e
398.56,2022-01-26,408.1954,394.34,405.66,14377350,c46d66fa-fac4-484e-bb2a-a425644d060a
399.46,2022-01-25,404.26,392.7325,398.17,16836330,57a55319-8950-4396-ab62-84f3e83091f2
404.37,2022-01-24,404.88,386.84,397.26,22997840,4d3b826a-1039-473b-aee9-bcf77cfed29c
402.69,2022-01-21,411.9265,402.66,409.71,16225930,649db997-ceab-412a-ab06-1e51bc47b103
410.76,2022-01-20,421.75,410.29,417.17,8907603,2badc114-39c3-4523-8dd0-92842046d3d7
415.33,2022-01-19,422.535,415.07,421.17,8184106,451cee74-efe5-4f49-85e0-e058f29a6d84
419.74,2022-01-18,424.98,417.33,422.62,10697980,44ef9b9a-6486-47dc-8e1e-df6f70d7f5a4
427.23,2022-01-14,427.5799,422.81,423.945,9960814,e9006f16-6197-480f-a781-1eb2039b1990
427.1,2022-01-13,434.72,426.09,434.09,7521275,fef301b9-f986-4cde-a597-18dc415cc587
433.07,2022-01-12,435.04,431.14,433.56,8270332,acd33ea9-032b-4382-adc1-2b9e9d1c4923
431.78,2022-01-11,431.95,424.78,427.68,7282442,59d19a0d-ce90-4d9e-a4f6-3f66b164dab2
428.03,2022-01-10,428.19,419.77,425.38,10481530,649c7d94-71d1-45e8-8571-a3037011abb3
428.59,2022-01-07,431.36,427.2,430.21,6157536,e487d505-a09d-4d4b-b638-3f619f159fac
430.08,2022-01-06,432.83,427.9,430.2,7971547,0e4011f9-0ba8-48e5-ab07-101d98b23457
430.66,2022-01-05,439.41,430.525,438.78,7539607,e2e111ca-05c2-4eab-a3da-019b94985125
439.07,2022-01-04,441.26,437.22,440.58,6262237,f8f9f716-2a89-4450-86a4-c91a8c0344d0
439.25,2022-01-03,439.27,435.64,437.93,6017303,b3d9bb89-1de5-4e63-913b-245e8f9a1d9f
436.57,2021-12-31,438.38,436.39,437.23,5185608,4ba2bab1-a0c1-48de-b7d8-75b66e3f8f07
437.77,2021-12-30,440.36,437.32,439.39,3751831,f6676584-ac13-4fdc-9d8c-d801e792e4b8
439.01,2021-12-29,439.95,437.54,438.5,4596686,2b21ee2f-a2bf-427f-aa3e-8434a27f4c4a
438.48,2021-12-28,440.19,437.655,439.28,4865844,f4fc87ab-0749-471b-9d80-0feeed1fd17e
438.81,2021-12-27,438.82,433.95,433.98,4986317,2aa6f4bd-4678-4d95-8618-c3a0dcb0d48e
432.64,2021-12-23,434.0963,430.87,430.91,5032684,85faa205-9582-45b4-aeda-6100d3f796a4
429.99,2021-12-22,430.09,425.32,425.45,4992213,ce55ea5f-7f8e-420d-96be-184d3e153656
425.69,2021-12-21,425.85,419.52,421.65,6916663,1d533996-93ab-4ed5-9bdc-19aa4c2d8f12
419.8,2021-12-20,420.22,416.3,419.39,9903413,822ace31-d5ad-4341-80d2-e53e5b2fc692
424.39,2021-12-17,428.79,422.67,425.85,8883451,86f9ab2d-8cdb-498c-87cd-8e4f68f1563c
428.84,2021-12-16,434.8,427.35,434.56,7159519,80965e1b-d416-4125-8627-4253747f7c1c
432.75,2021-12-15,432.98,423.67,426.11,6871253,e20c8efe-f169-40f6-9a4b-0f0cdf8488e1
426.09,2021-12-14,428.24,423.2,425.8,6522926,1b523e11-e8ee-4ca8-8f2b-eb5dc1a2abc3
429.01,2021-12-13,432.66,428.75,432.36,5923878,ade80270-1a30-40c3-b3c3-6c25348330c8
432.85,2021-12-10,432.96,428.95,431.44,6238301,197474a6-b982-48c1-bb85-cc5f9ad9251d
428.76,2021-12-09,431.32,428.61,430.46,5035427,9c0edcbb-7bb5-4430-a6a6-7735d4c4a515
431.7,2021-12-08,432.14,429.24,430.95,4476542,1f71a68d-2eb8-4c13-b737-b4a7ae9adc6c
430.49,2021-12-07,431.1,426.94,426.98,4731920,2ffc4393-79a3-4485-8123-8bb0ccea038d
421.82,2021-12-06,423.66,417.0,419.41,7289493,0fba120c-1732-4246-ba93-6490fca631e8
416.84,2021-12-03,423.19,412.77,422.12,10228930,d32a5b08-1379-4af8-9141-14799bc92859
420.56,2021-12-02,422.06,414.03,414.42,10417670,1aedf25b-2277-40f4-9198-a26be9f3909d
414.24,2021-12-01,427.2212,413.97,424.47,8370491,9529d4eb-b439-4775-8c5f-2426be0783b8
419.06,2021-11-30,426.63,418.63,424.8,8657643,4882ceb7-7b25-4913-926a-e2e17f6a39e6
427.24,2021-11-29,428.98,424.55,426.71,6300761,16ed5138-a085-4588-bb0f-7704eadc78a8
422.14,2021-11-26,426.52,420.9,425.19,7702478,c95614b5-4b1a-4bb6-9da3-93a89890eb11
431.53,2021-11-24,431.75,427.71,428.56,4569588,964853a5-82d7-4413-9ca2-fcafed2c9046
430.47,2021-11-23,431.29,427.04,429.57,6801311,c316c345-3b39-4ebe-a9fd-b3df2d9c6496
429.91,2021-11-22,435.41,429.72,432.93,4875928,ad81f8a6-4d8a-4a8a-b9ff-81a342f007e3
431.05,2021-11-19,432.99,430.3798,431.87,4886525,6b58bd63-b76a-4f12-a91d-bbe70edd3f3d
431.86,2021-11-18,432.17,428.8,431.44,4736823,6926d7ea-da7d-42cd-a276-914624883965
430.37,2021-11-17,431.39,429.84,431.24,3764856,61d2ee94-9383-467b-a286-873e1f387f76
431.41,2021-11-16,432.59,429.4721,429.52,3266998,1f3780f3-7527-4fa1-a2a4-76151769f03f
429.77,2021-11-15,431.005,428.65,430.95,3122286,e2df045e-32ec-4f8d-ad75-37bf5b8a613c
429.57,2021-11-12,430.17,426.73,427.66,3655495,09b8955b-a2a5-4ce0-9a4e-aab37eb5f87c
426.4,2021-11-11,427.82,426.39,427.7,3634631,f67b9344-4e68-4890-aa68-8dcb39e2ef62
426.26,2021-11-10,429.73,424.81,428.09,6350658,0084f2f7-a3fe-4a15-a3b1-5bb1e163d188
429.72,2021-11-09,431.75,428.34,431.56,4696024,1a01d5c7-dc2d-4445-a6ce-9fef63e3d32e
431.23,2021-11-08,432.34,430.5,431.88,3511610,73ab13b1-9f15-4ff5-8c20-aeff5a363aa9
430.71,2021-11-05,432.76,429.3,431.55,4942933,967c0064-f30a-4eb8-bdd2-6e84f26132d7
429.25,2021-11-04,429.37,427.54,427.85,4287284,f47fd2d7-9d62-401f-9978-48ddba7b172a
427.25,2021-11-03,427.66,423.69,424.14,3562910,7557d938-256a-47f5-94a8-dfc06916b81d
424.69,2021-11-02,424.96,423.01,423.15,2989214,251d00cd-38eb-4681-8230-b11ce9538aa0
423.05,2021-11-01,423.57,421.28,423.19,3937315,3bd3955d-e145-45cd-a3d2-3f1b5dd615a5
422.16,2021-10-29,422.515,418.87,419.15,4637741,eaf09403-4ddc-4887-8ac4-7d47e05f7ecb
421.41,2021-10-28,421.44,418.75,418.78,3643561,c29156da-bf6b-4562-9fe4-de51027af927
417.33,2021-10-27,420.29,417.28,419.66,2873514,73ddeed0-1acd-421f-8713-e79b89384ca3
419.15,2021-10-26,421.5294,418.86,420.27,3085261,f2449fee-5ae7-4e8f-8bd9-fcbf2f56c267
418.75,2021-10-25,419.14,415.93,417.64,2511465,2a935761-f646-4fdc-b719-b6d16b847406
416.59,2021-10-22,418.0,414.7,416.58,3648855,7047212c-9c39-4b1b-b7e1-fc96d34abc92
417.01,2021-10-21,417.24,414.9449,415.38,2579450,9fe23499-c4be-4098-bedb-3fa3d61f4bde
415.99,2021-10-20,416.22,414.65,414.74,3208156,4d2f4155-9c23-457e-8cf8-c3f7b50b6db0
414.38,2021-10-19,414.38,412.14,412.74,2838262,2175dcf8-29bf-4637-bf36-9893bda58e98
411.18,2021-10-18,411.46,407.53,408.2,3402670,0baeabc0-82cb-4c83-8ea2-2c3b2c01a85e
409.93,2021-10-15,410.26,408.275,408.92,3501619,82027ebe-390e-4fd6-a68c-f4f80b0fb154
406.76,2021-10-14,406.95,403.22,403.7,3788390,583600a2-217e-4ec5-a083-7bde81cea8f7
400.04,2021-10-13,400.88,396.75,399.64,6492363,31f93111-fe54-4428-8291-3979ffe30b4e
398.76,2021-10-12,400.92,397.87,400.55,6201264,811291d8-c79f-4570-a5f3-4d61a6196bb9
399.56,2021-10-11,404.74,399.56,401.91,3695672,d59768e5-b83b-4a85-8e48-07a2a4986d70
402.49,2021-10-08,404.3881,401.94,404.04,3960919,dca9cfdd-4877-456f-8b5d-a65ffdca0eb0
403.25,2021-10-07,406.05,402.85,403.07,4409195,6d745b4a-3e32-49cd-937f-f28b872710fd
399.81,2021-10-06,400.02,393.06,394.65,6589951,d72953d0-133f-4d42-ac46-7994826e8cb2
398.04,2021-10-05,400.3526,394.79,395.56,5523244,f26bd160-7f40-4a10-9caa-b5c37870fa6b
394.21,2021-10-04,398.94,391.96,398.12,8820427,91c3fa14-802a-49ed-a302-3059e696f716
399.12,2021-10-01,400.85,392.77,396.226,8482196,ff2b2d08-6cba-42c2-b18a-039d95da284e
394.4,2021-09-30,401.52,394.34,400.85,9511155,27b72abb-53a1-4da4-962f-b7f805bdd292
399.46,2021-09-29,401.79,398.86,400.1,4724166,21bdb0e4-b654-4da2-82d5-5262938e8e39
400.14,2021-09-28,405.87,399.33,405.55,8234309,5651e735-2388-4936-bff0-98e32119a706
408.3,2021-09-27,409.57,407.59,408.421,3546600,b19edafd-3ec1-45a5-8c42-356be11fba4b
409.46,2021-09-24,410.13,406.95,407.17,3417688,8ccd9ebe-de32-4195-a0c1-bb922cccbf9f
408.78,2021-09-23,410.32,405.47,405.71,4098043,f8c870d9-2572-48e7-8e45-f7b1504f86b1
403.9,2021-09-22,405.85,401.26,402.17,6004773,1bc6b403-93ae-44db-8458-cffed5eb11a0
400.04,2021-09-21,403.9,399.44,402.66,6418124,8a8b244c-1bdb-43da-89eb-1b233cd1ac07
400.43,2021-09-20,402.64,395.57,401.11,10942740,c5a762a3-814b-4486-a3f7-3e6407fb4978
407.08,2021-09-17,410.78,406.77,410.35,5396095,14bd181c-08ce-434b-8757-79106800a34a
411.11,2021-09-16,412.19,408.23,411.27,3351499,2b18cbb7-0a0a-4c8f-ad0f-f627b7a99030
411.82,2021-09-15,412.2578,407.7,408.79,3891386,f7f7e26a-43d9-406c-b82f-5c3875dac984
408.41,2021-09-14,412.18,407.49,412.02,3657667,96576f49-9587-4ffe-886a-3a8562ff850f
410.54,2021-09-13,412.71,408.31,412.52,4738340,9365a1c5-337b-46dc-b728-3ec1376fbb83
409.58,2021-09-10,415.1,409.415,414.69,4035509,81764031-1787-4aba-b32f-e9dc17aa317d
412.77,2021-09-09,416.07,412.57,414.34,3887829,999043c7-a611-438f-bf15-5c45b3606e94
414.63,2021-09-08,415.26,412.6731,414.53,4012604,bbca62c7-4862-4210-b5b5-b60847514a7a
415.03,2021-09-07,416.29,414.42,416.27,3542491,54b2bec3-ee42-44ef-bc71-f2e23fac3944
416.57,2021-09-03,417.0593,415.16,415.58,3743999,fa923542-9d8b-48d3-b82c-986d36de2cfc
416.73,2021-09-02,417.44,415.495,416.8,2836923,4dd72d42-d94c-4468-b057-dfa171d3e162
415.49,2021-09-01,416.59,415.16,416.05,3256370,c0eebc27-f43a-4701-ad1c-add764f8a1dd
415.05,2021-08-31,416.02,414.58,415.66,6062916,663db6d1-b629-445e-86e2-a1fb44a6128c
415.76,2021-08-30,416.56,414.39,414.66,2811785,b0a3f65c-3eac-4cd3-861a-979bc2119b0e
413.86,2021-08-27,414.33,411.02,411.09,3882200,2e208b97-5626-47a4-89c3-ac0a18368257
410.22,2021-08-26,412.66,410.2,412.41,4707561,1dc7572e-3f14-4b39-800d-eff202a137c2
412.63,2021-08-25,413.21,411.67,412.06,3261412,172b2fd3-fc20-4c6b-91b8-3db5dff76f37
411.87,2021-08-24,412.36,411.35,411.9,3006487,5c4751b8-c636-4260-8575-c6d4dd1d9bf1
411.22,2021-08-23,412.08,409.23,409.25,3259398,6568fc7a-a3ae-45b3-bb83-e7cacbddc3a1
407.61,2021-08-20,407.92,404.26,404.68,3263571,3e0a2d81-8b72-479d-913d-a184c0b6edc2
404.41,2021-08-19,405.55,400.931,401.09,5505717,bcc89e93-c48a-4c16-86d3-5f20589d8fc8
403.84,2021-08-18,408.75,403.54,407.22,4878277,9289b039-e869-45d2-aea1-3823844fcd3f
408.23,2021-08-17,409.05,405.31,408.41,5186251,80cbd423-c1b6-470d-a67b-2dca6d0528a6
410.94,2021-08-16,411.01,407.15,408.71,3385158,d56ddc9c-16fb-4738-914b-394f0cdb6022
409.96,2021-08-13,409.96,409.18,409.64,2253785,9d8879cb-6a94-42c9-89bc-4bdc6fdf234d
409.15,2021-08-12,409.33,406.97,407.82,2320453,2ccf8a1f-9758-4671-9445-549659d53233
407.96,2021-08-11,408.07,406.91,408.0,3554430,e164e941-4a6c-4837-84e8-16fb2229d34a
406.98,2021-08-10,407.67,406.23,406.91,2400730,364ae6f1-da60-46ea-8a10-dc252bbb3f3f
406.47,2021-08-09,407.0492,405.69,406.75,1984384,ee9ccb6c-aa43-4a30-a83b-52c8d1f7cb2a
406.86,2021-08-06,407.18,406.17,406.44,2486923,b01ab13e-2f05-4c53-8052-13605a85f843
406.16,2021-08-05,406.19,404.38,404.7,3052826,b5eee92d-3e23-42c3-b20f-401e16b6fd85
403.64,2021-08-04,404.86,403.34,404.31,3880216,6e20dafe-8d5b-4db1-8767-038b5576946f
405.58,2021-08-03,405.66,400.92,403.08,4129628,b278f99b-6224-420e-94db-2332a6da9c68
402.33,2021-08-02,405.36,401.94,404.78,5814735,0b194f1a-4a73-49e3-8a95-98f963825060
403.15,2021-07-30,404.53,402.4697,402.59,5204480,2d79d355-b97b-436b-aaa7-5e00b98510f8
405.13,2021-07-29,406.13,404.35,404.36,2274198,865f5c61-e914-4d59-81cd-c4c26880ace1
403.39,2021-07-28,404.76,402.04,404.17,3763730,edd61254-44ff-40e3-a1ed-6c4ffb17b4f4
403.61,2021-07-27,404.45,400.8,404.45,3626075,e89b557c-fd10-4374-bc03-f0ae3b89d88e
405.41,2021-07-26,405.42,403.82,403.92,2374331,dac748be-17c4-4eaa-9e5f-bd299d1b9b3e
404.38,2021-07-23,404.75,401.58,402.17,3151949,52f17156-4325-44c8-9007-7556fe8e27b9
400.38,2021-07-22,400.56,398.7,399.71,2575749,b642d382-54b2-4558-9097-1cb2522e9de0
399.53,2021-07-21,399.62,397.27,397.48,2996601,ca4cccbc-8649-4833-8bec-9470fcb4d598
396.2,2021-07-20,397.5,390.01,391.345,4043076,b6789c15-ae8a-4655-b26b-5ebae1ad4808
390.68,2021-07-19,392.26,387.93,391.78,12336210,4db38ba8-dbf1-438a-ad86-3c295b540a50
396.61,2021-07-16,400.88,396.14,400.84,4516552,7334f61e-8e5f-435d-a47b-015288d902a2
399.72,2021-07-15,400.38,397.805,399.74,4483895,6f3d6094-5e18-4271-b6e7-0aff865a74aa
401.01,2021-07-14,402.57,399.82,402.06,3332211,3de89363-0980-40b8-9861-a058a8c6a8f9
400.46,2021-07-13,402.5,400.18,401.08,4313092,1a4068ae-9d2f-4ec0-837d-f60fa018bb52
401.82,2021-07-12,402.03,399.87,400.3,2929163,a5645be6-494d-490b-bc85-cb2e5c5275de
400.37,2021-07-09,400.65,397.42,397.63,3332168,bce0cf66-2d99-46d0-bed0-9e10cbef1d1f
396.19,2021-07-08,396.88,393.02,394.2,5817105,044d40be-cd9d-4d17-87ea-52c61ba4dc87
399.37,2021-07-07,399.66,396.68,398.67,4747830,a0d07d3b-4d05-477d-b673-eaaaa6f6bfdb
398.0,2021-07-06,398.99,395.3,398.77,4331346,ff35ba13-8d45-4e34-9fed-47d3d4b7055a
398.75,2021-07-02,399.05,396.525,396.85,4363111,902722af-6bf4-49cc-84f2-a3cdec3229d7
395.74,2021-07-01,395.85,394.2062,394.3,3414515,943da808-976e-4de5-9be5-43ddd249a793
393.52,2021-06-30,394.131,392.72,392.72,3795925,aaf468b5-09ca-4fd4-8559-87449661365c
393.16,2021-06-29,393.94,392.66,393.35,2927626,044489d4-e95c-4e79-b2e7-142b1fa8ef19
394.32,2021-06-28,394.45,392.83,394.03,2418472,f2c85d0b-dc33-47a3-84c2-7f8b50e92548
393.5,2021-06-25,393.92,392.54,392.9,2863066,69606249-b9fe-446f-80b4-26c9e1ede309
392.05,2021-06-24,392.5185,391.67,391.89,2987820,5396aaf8-02c1-456f-a8bf-9f22f7469f15
389.82,2021-06-23,391.14,389.7,390.35,2404155,4427d9d2-e93a-4f14-81d6-9d14cc5f30d3
390.24,2021-06-22,391.09,387.47,388.24,2705442,e2c287d0-c94e-46c2-9a70-9197a29b9594
388.18,2021-06-21,388.38,383.65,384.5,4389779,b4cc1d44-f162-4421-ac70-849fad8d6a44
382.82,2021-06-18,385.38,382.52,384.79,5211110,ac9cc71d-2d5b-4523-b895-0b6d56c2e149
387.97,2021-06-17,388.91,385.5,387.62,4065333,ae2651e9-3f7f-4333-be16-f6a739d20cdb
388.11,2021-06-16,390.58,386.02,390.419,4194316,cd6f3b73-1434-4c00-a041-f7046ea4daf6
390.25,2021-06-15,391.2,389.4099,391.15,2405039,1cdfc466-f1b0-4950-8bf0-eec777bc83bb
391.07,2021-06-14,391.07,389.0,390.21,2252205,a0a11872-d2ac-4983-882c-6111205bbf07
390.09,2021-06-11,390.2,388.73,390.0,2241500,cc83b9a8-ad91-4a09-8683-0b8e818c8712
389.41,2021-06-10,390.3597,387.58,388.86,2611815,61f326dc-d97d-4eb2-80a5-2e4ae7664d5f
387.62,2021-06-09,389.13,387.41,389.08,2968089,177db84f-91f3-492c-bfaa-ba7c4ea1e636
388.23,2021-06-08,389.08,386.44,389.0,2386617,afcf5d26-c7bc-4edb-838c-efd3d63c69c5
388.17,2021-06-07,388.69,387.25,388.52,2500620,606abb22-c301-4812-81fb-6786d1917d65
388.5,2021-06-04,388.8,386.76,386.81,2628143,5f3aedbf-c3a7-45be-b10f-b3665b6b336d
385.01,2021-06-03,386.11,382.7,384.17,3390955,aa16a60b-b127-4fae-98bc-6f03fb9e686e
386.48,2021-06-02,387.24,385.47,386.45,3209191,bf958d12-592e-4a02-9b38-4abd8d36d975
385.83,2021-06-01,388.62,385.38,388.5,4389042,1a2e8425-512a-4d0f-b9ac-b1bdc4d69c5b
386.13,2021-05-28,387.27,385.94,387.03,3371117,b1745483-aeb9-4071-ae8f-de87b973cd73
385.38,2021-05-27,386.78,385.32,386.282,3015864,82263e8f-df36-4826-b6b3-ea3526fddd01
385.21,2021-05-26,385.75,384.07,385.09,2642705,2f20071d-db51-4e8b-bff6-62cedc53d4f5
384.51,2021-05-25,386.76,383.94,386.4,4031807,cba1d12b-235a-43e0-a6d4-71edd6fa0dcf
385.32,2021-05-24,386.4,383.44,383.69,2962453,bfcf3e46-3fa9-45f3-a838-e0e49eb5b138
381.47,2021-05-21,384.45,381.01,383.23,3567453,34b76968-f207-4879-bee5-8171c98fa2d8
381.76,2021-05-20,382.99,378.45,378.57,4776714,2da4bbdf-5206-4595-bce9-ca82704c6823
377.73,2021-05-19,377.84,372.62,374.06,5086270,f63fd783-7d1b-48b6-980c-7f2c5be72aac
378.73,2021-05-18,382.47,378.54,382.25,3128310,9923d396-af62-4eab-b9e9-ca47059473f1
382.03,2021-05-17,382.75,380.0,381.9,3767788,fa33ff3e-496b-4a42-9cd2-2f7e048761d1
382.95,2021-05-14,383.79,379.81,379.81,5167919,19562aa0-fe5a-4ee1-a6ef-b19eaa58205b
377.16,2021-05-13,379.05,374.17,374.21,7188191,b5499dd5-c9de-4965-bf0f-15747f7fba15
372.73,2021-05-12,379.27,372.13,378.04,7707441,aff89951-e30e-43dc-813a-a8f4895760dd
380.86,2021-05-11,381.74,376.95,379.75,7081501,6c9da7bd-ef4f-45ea-8daa-6e8aafc1ab31
384.23,2021-05-10,388.66,384.09,388.41,5942697,ff076b9a-f09a-4cde-b075-7a7d4dbef0db
388.03,2021-05-07,388.68,385.33,386.02,3516620,a5b201ce-20e5-406d-afe7-564ccc6bb69f
385.28,2021-05-06,385.37,380.27,382.26,4737289,7ae8ec10-3c40-4dc6-99e8-6e9e58f26b6b
382.17,2021-05-05,383.91,381.44,383.72,2319217,8ab9f240-8230-422a-a4a8-8ee25a64c52c
382.1,2021-05-04,382.96,378.45,382.52,5485646,3c06f076-4f3f-480d-a9a3-66c850714f45
384.44,2021-05-03,385.94,383.96,385.56,4180812,5020ed42-9e7e-4f94-9dcb-7298720ce601
383.57,2021-04-30,384.76,382.73,383.91,5219206,a313fe6e-d355-4733-9753-07e6c9fb1666
386.12,2021-04-29,386.74,382.81,386.4,4209880,a2ec98ba-ac09-4c45-8a5e-2894f2b21d11
383.56,2021-04-28,385.1692,383.24,384.1,3960389,25eeb7cf-cdd5-4a51-a85f-29c639e66385
383.74,2021-04-27,384.38,382.72,384.2,3370642,322a1d75-c608-4484-8486-35f7b66827a1
383.86,2021-04-26,384.45,383.32,383.73,3125214,b49d8981-94ca-4e50-aa39-04416e8c1196
383.03,2021-04-23,384.455,379.46,379.57,3783209,3b82cdfd-e391-42c1-a819-df5d3822d3a2
378.99,2021-04-22,383.115,377.96,382.32,3965016,163ed83a-c789-4cbb-af59-9e4242bff9fc
382.5,2021-04-21,382.67,378.14,378.28,3640080,1ac260d0-9325-4236-9201-b4fde6e1ec79
378.94,2021-04-20,381.16,377.465,380.49,4106739,5c29c174-52f9-42af-b6f6-293ebf5a3e38
381.74,2021-04-19,383.09,380.37,382.62,3945743,d0dd5ec3-7a5e-4fea-8508-548a7c82733e
383.63,2021-04-16,384.15,382.19,383.558,3252459,9f5d5cd4-d0c5-48e6-afd8-33dd5dd8c1ef
382.29,2021-04-15,382.54,380.28,380.33,3573828,2b3b9b43-f228-4411-ab60-e5f5bcaf406d
378.23,2021-04-14,380.51,377.7,379.46,3691057,4128f677-abe4-4f56-9427-7d865ce0354e
379.45,2021-04-13,380.12,377.92,378.37,2985533,9d519240-b30d-49ad-b99f-5c1f29b30a82
378.42,2021-04-12,378.65,377.0799,377.7,2747529,a91f6bcc-aba5-4ae0-9875-55ab31511ac6
378.25,2021-04-09,378.4,375.33,375.42,2627530,89710ee3-13ca-4de0-8a25-14c3903ade57
375.55,2021-04-08,375.56,374.06,374.97,3949423,6ba51b82-0291-43bc-a1ae-b843dd442234
373.73,2021-04-07,374.0797,372.72,373.14,2768895,e2ede5dc-c166-4f6d-a624-2b4c68b45cb5
373.26,2021-04-06,374.33,372.67,373.04,3583491,709121e2-5220-4036-b954-c2437fa9fc58
373.47,2021-04-05,374.07,370.81,370.89,3764095,d1e135e7-5dc7-4a20-a608-ff9ede83bb2c
368.16,2021-04-01,368.29,366.03,366.2,5131981,11387cbc-da01-4f9e-86e3-93346db93abb
364.3,2021-03-31,365.82,363.39,363.39,7470344,f900dd44-290b-4cb3-865c-4b7ca5de1224
362.86,2021-03-30,363.47,361.27,362.56,3696168,3c271c46-ca02-4fb5-8122-d74717cb82f7
363.79,2021-03-29,364.68,361.1097,362.57,3143331,1ce2f311-350f-4db9-b0fc-a920e46cec56
364.01,2021-03-26,364.37,358.75,359.37,3322643,d2731a22-2ee7-4c2e-89ef-ce7d64cced09
359.43,2021-03-25,360.24,354.14,356.08,5487296,617fad3e-49ae-4697-af12-80ac7152e578
357.42,2021-03-24,362.27,357.42,360.71,4098983,2552e21c-640a-4372-b1f6-0da17613db5f
359.41,2021-03-23,362.94,358.51,361.53,4954604,eec5adfd-da4e-43ca-906f-b4b3046d5716
362.07,2021-03-22,363.5,359.76,359.79,3417647,ca8d6821-6643-4131-b0a8-cf4b8f69dd6a
359.23,2021-03-19,361.17,357.14,359.65,5382753,add82f84-6acc-40fa-8455-7560671a7574
359.87,2021-03-18,364.76,359.28,362.73,5073991,2e106f12-525b-47a7-b5ca-9c7c0bc30df1
365.24,2021-03-17,366.05,361.62,362.83,5011554,e04530c5-4db4-4f88-ab07-481a685ae882
364.05,2021-03-16,365.78,363.25,365.12,3698397,371d976c-a947-4104-8d69-3460d1a21a44
364.46,2021-03-15,364.75,360.45,362.67,3162271,f012ebed-ae36-45e8-adcf-e65665f402dd
362.36,2021-03-12,362.45,359.666,360.5,4847336,22e5b942-722d-4645-8a83-69cee33063bb
361.85,2021-03-11,363.76,360.1605,360.66,3340718,040b3891-cee0-414b-b368-e7a9efe2602c
358.07,2021-03-10,359.84,356.88,358.3,7231407,afdf753f-60de-455c-89af-67ada3c4bf03
355.87,2021-03-09,358.46,354.23,354.75,6075087,bcddcb08-c189-4218-b553-4797ce4a6204
350.96,2021-03-08,356.4,350.66,353.63,5663478,302138c9-911a-4bb6-be19-2fd331496650
352.69,2021-03-05,353.73,342.59,349.77,8721265,44c3a279-a0ee-4089-83a7-8afdd947015a
346.34,2021-03-04,353.02,341.915,350.49,6604466,59969e8a-0769-47c5-80d4-9996cd2438d9
350.66,2021-03-03,355.64,350.56,354.7,6317636,c17b8a66-06cb-44df-8ad2-f1247338d430
355.35,2021-03-02,358.63,355.16,358.38,5462610,22be8c4d-d9db-4b6c-8054-9fd153de777a
358.12,2021-03-01,359.39,354.5,354.55,3725252,6d389917-4704-40d1-bb83-ee5158449eb0
349.59,2021-02-26,354.4678,347.71,353.47,7579472,8bb328bd-e336-4d67-ac66-3155f77a1d6b
351.52,2021-02-25,360.27,350.08,359.03,7049193,efee97f2-7ab7-451e-b6a8-f12150c8d9f1
360.16,2021-02-24,360.58,354.2,355.15,3301220,bf6ec74f-ea76-4a41-a451-dbac030e83cc
356.22,2021-02-23,357.56,349.53,353.69,5251055,1317116d-e13f-4cca-a753-e5a4d2819d43
355.77,2021-02-22,358.19,355.56,355.84,3290986,222ce4fc-b83d-497b-84d2-8ef14ea9b4b7
358.59,2021-02-19,360.71,358.14,360.47,2487098,8850705b-5ff0-486c-a43c-9087c269ba07
359.25,2021-02-18,359.93,356.49,358.24,3017068,b1594b3a-f164-48cc-bf7d-411683c2d4cf
360.79,2021-02-17,360.97,357.9222,359.03,3220093,22a3503d-7c0b-4aed-b33f-a251cb64d2a8
360.71,2021-02-16,362.37,359.98,362.15,4408452,46082107-20c8-4b18-b2c7-c02278805709
361.05,2021-02-12,361.19,358.36,358.45,2144471,39adb25d-4efe-4c46-be16-30a692304ce9
359.22,2021-02-11,360.1,356.8376,359.71,2237200,3b60dca0-4aa3-447b-90e1-7b1421bc046b
358.64,2021-02-10,360.61,356.3,360.53,2400011,d27acf71-c4d5-41ad-922f-bbc689dbb3ab
358.78,2021-02-09,359.33,357.77,358.22,1891240,202f8383-d42f-492c-b6f4-60c52a3345e0
359.07,2021-02-08,359.07,357.06,357.92,3371070,c09d9486-1b72-44d4-86ee-727ca484c31b
356.44,2021-02-05,357.1312,355.316,356.9,2091756,027e0c3f-25d1-4b4f-af3a-16b4734ede4e
355.02,2021-02-04,355.04,351.92,352.12,1988342,d3de1fcc-cd2f-4d67-a41f-49ea0d156b61
351.09,2021-02-03,352.8,349.88,351.7,3392809,2fab85fa-e88a-48b6-8a25-13062b667782
350.74,2021-02-02,352.34,349.0,349.05,2955229,642d50bc-7854-43a6-b1bb-dad6e34474a4
345.77,2021-02-01,346.85,341.4,343.63,3334009,a8545892-ec3b-4eb3-bd60-d9512af28136
340.18,2021-01-29,346.22,338.57,345.31,5803647,256e9ddd-b226-4846-adb6-c6e428af4f0a
347.13,2021-01-28,351.0707,345.58,345.97,3432188,a7a3aa54-845f-4c25-9639-03250addb0d4
344.24,2021-01-27,349.56,341.99,349.54,5010372,634fd839-c416-4bb5-b458-d35d6a900e7f
352.8,2021-01-26,354.645,352.6,354.23,2430244,1e8d262f-73f2-4ccd-a6df-e81af129fc27
353.33,2021-01-25,353.6814,347.97,352.71,3548997,64c27309-e9b3-4d53-a522-0e2c39b65a7e
351.9,2021-01-22,353.04,350.99,351.38,1812174,e945157f-9f1f-4408-988d-1fc41ce09567
353.16,2021-01-21,353.835,352.302,353.46,2582562,56a15423-1074-4a35-89e7-db443839dff2
352.83,2021-01-20,353.71,349.97,350.32,2920573,9b98a956-57b5-4d3d-849a-69262caac5a9
348.1,2021-01-19,348.587,346.36,347.8,3433790,3146f36d-9f24-4111-a570-5a64a0ff38e8
345.37,2021-01-15,347.06,343.53,346.27,3622148,6acfcf84-a2ed-4785-85e7-e29dcbae8c29
347.85,2021-01-14,350.3183,347.55,349.85,3497443,b9cdb309-67bf-4f86-a368-c461c1858c0d
349.03,2021-01-13,350.06,347.32,348.11,3039926,bd370340-a56b-4e20-8d15-8141e391ae5f
348.16,2021-01-12,349.15,345.97,348.3,2298388,08409a2f-1ea2-49e9-94f3-01b8b78b4bde
348.13,2021-01-11,349.82,347.202,347.36,2987858,0dd53ba0-3de3-4f5f-b161-5e39ae270815
350.42,2021-01-08,350.619,346.64,349.88,3758462,8071a633-c608-45a0-88e7-c5cbca33d478
348.46,2021-01-07,349.2,345.54,345.74,3638857,b9c5b0c1-b9b6-4b9f-82a8-07600a713e99
343.33,2021-01-06,346.5,339.3,339.79,4804950,4a3a431f-8bc7-4451-9155-f42098fe1932
341.26,2021-01-05,342.39,338.39,338.4,3299716,b00556ec-a912-40df-8f37-a43b78025252
339.03,2021-01-04,345.09,335.37,345.02,5402614,8066dd79-3afb-4e72-b4e7-fa910b7c51a9
343.69,2020-12-31,344.37,341.23,341.82,3507320,3d2a9d60-981c-43be-9911-08d6937b9077
341.85,2020-12-30,342.91,341.565,342.28,2009135,9f9f0403-d9b2-498c-beba-9d2bf05d3a4c
341.39,2020-12-29,343.77,340.87,343.63,2555542,3e8287fe-77ac-4e31-a763-9e3eb0150775
342.11,2020-12-28,342.46,341.09,341.74,2798845,592e6c0d-2cfb-4409-8850-e70be41ec72e
339.16,2020-12-24,339.18,337.77,338.37,1447667,853c5b3b-a849-41b9-be42-ac23bc9fe3cf
337.81,2020-12-23,339.75,337.69,338.54,3682167,7dbdeae4-306c-4e2f-bbb0-0d1654930186
